,Start Period,End Period,Risk-Free Rate ,Time in Market ,Cumulative Return ,CAGR%,Sharpe,Sortino,Max Drawdown ,Longest DD Days,Volatility (ann.) ,Calmar,Skew,Kurtosis,Expected Daily %,Expected Monthly %,Expected Yearly %,Kelly Criterion ,Risk of Ruin ,Daily Value-at-Risk ,Expected Shortfall (cVaR) ,Payoff Ratio,Profit Factor,Common Sense Ratio,CPC Index,Tail Ratio,Outlier Win Ratio,Outlier Loss Ratio,MTD ,3M ,6M ,YTD ,1Y ,3Y (ann.) ,5Y (ann.) ,10Y (ann.) ,All-time (ann.) ,Best Day ,Worst Day ,Best Month ,Worst Month ,Best Year ,Worst Year ,Avg. Drawdown ,Avg. Drawdown Days,Recovery Factor,Ulcer Index,Avg. Up Month ,Avg. Down Month ,Win Days %,Win Month %,Win Quarter %,Win Year %
2,2004-01-02,2020-04-07,0.0,1.0,2.2,0.07,0.78,1.08,-0.21,713,0.1,0.35,-0.7,8.25,0.0,0.01,0.07,0.07,0.0,-0.01,-0.01,0.94,1.15,1.18,0.6,1.02,3.82,3.87,0.0,0.02,0.06,0.02,0.18,0.1,0.07,0.1,0.07,0.05,-0.06,0.11,-0.09,0.25,-0.07,-0.01,29,10.52,1.02,0.02,-0.02,0.55,0.64,0.7,0.71
3,2004-01-02,2020-04-07,0.0,1.0,2.33,0.08,0.85,1.18,-0.17,442,0.09,0.44,-0.63,8.23,0.0,0.01,0.07,0.08,0.0,-0.01,-0.01,0.95,1.16,1.13,0.61,0.97,3.67,3.91,0.01,0.03,0.07,0.03,0.19,0.11,0.07,0.1,0.08,0.04,-0.06,0.12,-0.1,0.24,-0.09,-0.01,28,13.31,1.01,0.02,-0.02,0.55,0.65,0.71,0.88
4,2004-01-02,2020-04-07,0.0,1.0,2.35,0.08,0.88,1.23,-0.18,488,0.09,0.44,-0.65,8.43,0.0,0.01,0.07,0.08,0.0,-0.01,-0.01,0.95,1.17,1.16,0.61,0.99,3.58,3.81,0.01,0.03,0.07,0.04,0.2,0.11,0.07,0.1,0.08,0.04,-0.06,0.12,-0.1,0.23,-0.08,-0.01,28,13.41,1.01,0.02,-0.02,0.55,0.65,0.71,0.82
5,2004-01-02,2020-04-07,0.0,1.0,2.32,0.08,0.89,1.24,-0.18,532,0.09,0.43,-0.65,8.57,0.0,0.01,0.07,0.08,0.0,-0.01,-0.01,0.95,1.17,1.15,0.61,0.98,3.53,3.73,0.01,0.03,0.07,0.04,0.2,0.11,0.07,0.1,0.08,0.04,-0.06,0.12,-0.11,0.23,-0.08,-0.01,28,13.14,1.01,0.02,-0.02,0.55,0.65,0.71,0.82
6,2004-01-02,2020-04-07,0.0,1.0,2.32,0.08,0.9,1.26,-0.18,561,0.09,0.43,-0.65,8.67,0.0,0.01,0.07,0.08,0.0,-0.01,-0.01,0.95,1.17,1.14,0.62,0.97,3.5,3.68,0.01,0.03,0.07,0.04,0.2,0.11,0.07,0.1,0.08,0.03,-0.06,0.12,-0.11,0.22,-0.07,-0.01,27,12.97,1.01,0.02,-0.02,0.55,0.64,0.7,0.82
7,2004-01-02,2020-04-07,0.0,1.0,2.31,0.08,0.9,1.27,-0.18,583,0.09,0.42,-0.65,8.75,0.0,0.01,0.07,0.08,0.0,-0.01,-0.01,0.95,1.17,1.15,0.62,0.98,3.54,3.63,0.01,0.04,0.08,0.04,0.2,0.11,0.07,0.1,0.08,0.03,-0.06,0.12,-0.11,0.22,-0.07,-0.01,27,12.73,1.01,0.02,-0.02,0.55,0.65,0.7,0.82
8,2004-01-02,2020-04-07,0.0,1.0,2.3,0.08,0.91,1.27,-0.18,593,0.08,0.41,-0.65,8.8,0.0,0.01,0.07,0.08,0.0,-0.01,-0.01,0.95,1.18,1.14,0.62,0.97,3.55,3.67,0.01,0.04,0.08,0.05,0.19,0.11,0.07,0.1,0.08,0.03,-0.06,0.12,-0.11,0.21,-0.08,-0.01,27,12.52,1.01,0.02,-0.02,0.55,0.66,0.71,0.82
9,2004-01-02,2020-04-07,0.0,1.0,2.29,0.08,0.91,1.28,-0.19,615,0.08,0.41,-0.65,8.84,0.0,0.01,0.07,0.08,0.0,-0.01,-0.01,0.95,1.18,1.13,0.62,0.96,3.56,3.68,0.01,0.04,0.08,0.05,0.19,0.11,0.07,0.1,0.08,0.03,-0.06,0.12,-0.12,0.21,-0.08,-0.01,27,12.33,1.01,0.02,-0.02,0.55,0.65,0.71,0.82
10,2004-01-02,2020-04-07,0.0,1.0,2.28,0.08,0.91,1.28,-0.19,622,0.08,0.4,-0.64,8.88,0.0,0.01,0.07,0.08,0.0,-0.01,-0.01,0.95,1.18,1.13,0.62,0.96,3.53,3.69,0.01,0.04,0.08,0.05,0.19,0.11,0.07,0.1,0.08,0.03,-0.06,0.12,-0.12,0.21,-0.09,-0.01,27,12.17,1.01,0.02,-0.02,0.55,0.65,0.73,0.82
11,2004-01-02,2020-04-07,0.0,1.0,2.28,0.08,0.91,1.28,-0.19,628,0.08,0.4,-0.64,8.91,0.0,0.01,0.07,0.08,0.0,-0.01,-0.01,0.95,1.18,1.15,0.62,0.98,3.53,3.67,0.01,0.04,0.08,0.05,0.19,0.11,0.07,0.1,0.08,0.03,-0.06,0.12,-0.12,0.2,-0.1,-0.01,26,12.02,1.01,0.02,-0.02,0.55,0.65,0.71,0.82
12,2004-01-02,2020-04-07,0.0,1.0,2.27,0.08,0.92,1.28,-0.19,629,0.08,0.4,-0.63,8.93,0.0,0.01,0.07,0.08,0.0,-0.01,-0.01,0.95,1.18,1.15,0.62,0.98,3.54,3.66,0.01,0.04,0.08,0.05,0.19,0.11,0.07,0.1,0.08,0.03,-0.06,0.12,-0.12,0.2,-0.1,-0.01,27,11.9,1.01,0.02,-0.02,0.55,0.65,0.71,0.82
13,2004-01-02,2020-04-07,0.0,1.0,2.28,0.08,0.92,1.29,-0.19,630,0.08,0.39,-0.63,8.95,0.0,0.01,0.07,0.08,0.0,-0.01,-0.01,0.95,1.18,1.16,0.62,0.98,3.51,3.62,0.01,0.04,0.08,0.05,0.19,0.11,0.08,0.1,0.08,0.03,-0.06,0.12,-0.12,0.2,-0.1,-0.01,26,11.83,1.01,0.02,-0.02,0.55,0.66,0.71,0.82
14,2004-01-02,2020-04-07,0.0,1.0,2.28,0.08,0.92,1.29,-0.19,632,0.08,0.39,-0.62,8.96,0.0,0.01,0.07,0.08,0.0,-0.01,-0.01,0.95,1.18,1.16,0.62,0.98,3.48,3.61,0.01,0.04,0.07,0.05,0.19,0.11,0.08,0.1,0.08,0.03,-0.06,0.12,-0.12,0.2,-0.1,-0.01,27,11.81,1.01,0.02,-0.02,0.55,0.66,0.71,0.82
15,2004-01-02,2020-04-07,0.0,1.0,2.29,0.08,0.92,1.3,-0.19,635,0.08,0.39,-0.62,8.97,0.0,0.01,0.07,0.08,0.0,-0.01,-0.01,0.95,1.18,1.16,0.62,0.99,3.5,3.62,0.01,0.04,0.07,0.05,0.19,0.11,0.08,0.1,0.08,0.03,-0.06,0.12,-0.12,0.2,-0.1,-0.01,26,11.8,1.01,0.02,-0.02,0.55,0.66,0.71,0.82
16,2004-01-02,2020-04-07,0.0,1.0,2.3,0.08,0.93,1.3,-0.19,635,0.08,0.39,-0.61,8.98,0.0,0.01,0.07,0.08,0.0,-0.01,-0.01,0.95,1.18,1.16,0.62,0.99,3.51,3.59,0.01,0.04,0.07,0.05,0.18,0.11,0.08,0.1,0.08,0.03,-0.06,0.12,-0.12,0.2,-0.11,-0.01,26,11.81,1.01,0.02,-0.02,0.55,0.66,0.71,0.82
17,2004-01-02,2020-04-07,0.0,1.0,2.31,0.08,0.93,1.31,-0.2,635,0.08,0.39,-0.61,8.99,0.0,0.01,0.07,0.08,0.0,-0.01,-0.01,0.95,1.18,1.16,0.62,0.99,3.51,3.6,0.01,0.04,0.07,0.05,0.18,0.11,0.08,0.1,0.08,0.03,-0.06,0.12,-0.12,0.2,-0.11,-0.01,25,11.83,1.01,0.02,-0.02,0.55,0.66,0.71,0.82
18,2004-01-02,2020-04-07,0.0,1.0,2.32,0.08,0.93,1.31,-0.2,636,0.08,0.39,-0.6,8.99,0.0,0.01,0.07,0.08,0.0,-0.01,-0.01,0.95,1.18,1.16,0.62,0.99,3.49,3.6,0.01,0.04,0.07,0.05,0.18,0.11,0.08,0.1,0.08,0.03,-0.06,0.12,-0.12,0.2,-0.11,-0.01,26,11.85,1.01,0.02,-0.02,0.55,0.66,0.71,0.82
19,2004-01-02,2020-04-07,0.0,1.0,2.32,0.08,0.93,1.32,-0.2,636,0.08,0.39,-0.6,8.99,0.0,0.01,0.07,0.08,0.0,-0.01,-0.01,0.95,1.18,1.16,0.62,0.99,3.49,3.6,0.01,0.04,0.07,0.05,0.18,0.11,0.08,0.1,0.08,0.03,-0.06,0.12,-0.12,0.19,-0.11,-0.01,26,11.87,1.01,0.02,-0.02,0.55,0.66,0.71,0.82
20,2004-01-02,2020-04-07,0.0,1.0,2.33,0.08,0.94,1.32,-0.2,636,0.08,0.39,-0.6,8.99,0.0,0.01,0.07,0.08,0.0,-0.01,-0.01,0.95,1.18,1.16,0.62,0.98,3.5,3.6,0.02,0.04,0.07,0.05,0.18,0.11,0.08,0.1,0.08,0.03,-0.06,0.12,-0.12,0.19,-0.11,-0.01,26,11.9,1.01,0.02,-0.02,0.55,0.66,0.71,0.82
21,2004-01-02,2020-04-07,0.0,1.0,2.34,0.08,0.94,1.32,-0.2,636,0.08,0.39,-0.59,8.98,0.0,0.01,0.07,0.09,0.0,-0.01,-0.01,0.94,1.18,1.16,0.62,0.98,3.51,3.6,0.02,0.04,0.07,0.05,0.18,0.11,0.08,0.1,0.08,0.03,-0.06,0.12,-0.12,0.19,-0.11,-0.01,26,11.93,1.01,0.02,-0.02,0.56,0.65,0.71,0.82
22,2004-01-02,2020-04-07,0.0,1.0,2.35,0.08,0.94,1.33,-0.2,636,0.08,0.39,-0.59,8.98,0.0,0.01,0.07,0.09,0.0,-0.01,-0.01,0.94,1.18,1.17,0.62,0.99,3.53,3.59,0.02,0.04,0.07,0.04,0.18,0.11,0.08,0.1,0.08,0.03,-0.06,0.12,-0.12,0.19,-0.11,-0.01,25,11.96,1.01,0.02,-0.02,0.56,0.65,0.73,0.82
23,2004-01-02,2020-04-07,0.0,1.0,2.36,0.08,0.94,1.33,-0.2,636,0.08,0.39,-0.59,8.98,0.0,0.01,0.07,0.09,0.0,-0.01,-0.01,0.95,1.18,1.17,0.62,0.99,3.53,3.6,0.02,0.04,0.07,0.04,0.18,0.11,0.08,0.1,0.08,0.03,-0.06,0.12,-0.12,0.19,-0.11,-0.01,25,12.0,1.01,0.02,-0.02,0.56,0.66,0.71,0.82
24,2004-01-02,2020-04-07,0.0,1.0,2.36,0.08,0.95,1.33,-0.2,636,0.08,0.39,-0.59,8.97,0.0,0.01,0.07,0.09,0.0,-0.01,-0.01,0.95,1.18,1.17,0.62,0.99,3.52,3.58,0.02,0.03,0.07,0.04,0.18,0.11,0.08,0.1,0.08,0.03,-0.06,0.12,-0.12,0.19,-0.11,-0.01,25,12.04,1.01,0.02,-0.02,0.56,0.66,0.71,0.82
25,2004-01-02,2020-04-07,0.0,1.0,2.37,0.08,0.95,1.34,-0.2,636,0.08,0.39,-0.59,8.97,0.0,0.01,0.07,0.09,0.0,-0.01,-0.01,0.95,1.18,1.17,0.62,0.99,3.51,3.56,0.02,0.03,0.07,0.04,0.18,0.11,0.08,0.1,0.08,0.03,-0.06,0.12,-0.12,0.19,-0.11,-0.01,25,12.08,1.01,0.02,-0.02,0.55,0.66,0.71,0.82
26,2004-01-02,2020-04-07,0.0,1.0,2.38,0.08,0.95,1.34,-0.2,636,0.08,0.4,-0.58,8.96,0.0,0.01,0.07,0.09,0.0,-0.01,-0.01,0.95,1.18,1.17,0.62,0.99,3.51,3.53,0.02,0.03,0.07,0.04,0.18,0.11,0.08,0.1,0.08,0.03,-0.06,0.12,-0.12,0.2,-0.11,-0.01,25,12.12,1.01,0.02,-0.02,0.56,0.66,0.71,0.82
27,2004-01-02,2020-04-07,0.0,1.0,2.39,0.08,0.95,1.34,-0.2,636,0.08,0.4,-0.58,8.95,0.0,0.01,0.07,0.09,0.0,-0.01,-0.01,0.94,1.18,1.17,0.62,0.99,3.51,3.52,0.02,0.03,0.07,0.04,0.18,0.11,0.08,0.1,0.08,0.03,-0.06,0.12,-0.12,0.2,-0.11,-0.01,25,12.16,1.01,0.02,-0.02,0.56,0.66,0.71,0.82
28,2004-01-02,2020-04-07,0.0,1.0,2.39,0.08,0.95,1.34,-0.2,636,0.08,0.4,-0.58,8.95,0.0,0.01,0.07,0.09,0.0,-0.01,-0.01,0.94,1.18,1.17,0.62,0.99,3.51,3.54,0.02,0.03,0.07,0.04,0.18,0.11,0.08,0.1,0.08,0.03,-0.06,0.12,-0.12,0.2,-0.11,-0.01,25,12.2,1.01,0.02,-0.02,0.56,0.66,0.71,0.82
29,2004-01-02,2020-04-07,0.0,1.0,2.4,0.08,0.95,1.35,-0.2,636,0.08,0.4,-0.58,8.94,0.0,0.01,0.07,0.09,0.0,-0.01,-0.01,0.94,1.18,1.18,0.62,0.99,3.5,3.56,0.02,0.03,0.07,0.04,0.18,0.11,0.08,0.1,0.08,0.03,-0.06,0.12,-0.12,0.2,-0.11,-0.01,25,12.24,1.01,0.02,-0.02,0.56,0.66,0.71,0.88
30,2004-01-02,2020-04-07,0.0,1.0,2.41,0.08,0.96,1.35,-0.2,636,0.08,0.4,-0.58,8.93,0.0,0.01,0.07,0.09,0.0,-0.01,-0.01,0.94,1.18,1.18,0.62,0.99,3.5,3.55,0.02,0.03,0.07,0.04,0.18,0.11,0.08,0.1,0.08,0.03,-0.06,0.12,-0.12,0.2,-0.1,-0.01,24,12.28,1.01,0.02,-0.02,0.56,0.67,0.71,0.88
31,2004-01-02,2020-04-07,0.0,1.0,2.41,0.08,0.96,1.35,-0.2,636,0.08,0.4,-0.58,8.93,0.0,0.01,0.07,0.09,0.0,-0.01,-0.01,0.94,1.18,1.18,0.62,0.99,3.51,3.55,0.02,0.03,0.07,0.04,0.18,0.11,0.08,0.1,0.08,0.03,-0.06,0.12,-0.12,0.2,-0.1,-0.01,24,12.32,1.01,0.02,-0.02,0.56,0.67,0.71,0.88
32,2004-01-02,2020-04-07,0.0,1.0,2.42,0.08,0.96,1.35,-0.2,636,0.08,0.4,-0.58,8.92,0.0,0.01,0.07,0.09,0.0,-0.01,-0.01,0.94,1.18,1.18,0.62,1.0,3.5,3.54,0.02,0.03,0.07,0.04,0.18,0.11,0.08,0.1,0.08,0.03,-0.06,0.12,-0.12,0.2,-0.1,-0.01,24,12.36,1.01,0.02,-0.02,0.56,0.67,0.71,0.88
33,2004-01-02,2020-04-07,0.0,1.0,2.42,0.08,0.96,1.36,-0.2,635,0.08,0.4,-0.58,8.91,0.0,0.01,0.08,0.09,0.0,-0.01,-0.01,0.95,1.19,1.18,0.62,1.0,3.48,3.56,0.02,0.03,0.07,0.04,0.18,0.11,0.08,0.1,0.08,0.03,-0.06,0.12,-0.12,0.2,-0.1,-0.01,24,12.39,1.01,0.02,-0.02,0.56,0.67,0.71,0.88
34,2004-01-02,2020-04-07,0.0,1.0,2.43,0.08,0.96,1.36,-0.2,635,0.08,0.4,-0.58,8.9,0.0,0.01,0.08,0.09,0.0,-0.01,-0.01,0.95,1.19,1.18,0.62,0.99,3.47,3.56,0.02,0.03,0.07,0.04,0.18,0.11,0.08,0.1,0.08,0.03,-0.06,0.12,-0.12,0.2,-0.1,-0.01,24,12.43,1.01,0.02,-0.02,0.56,0.67,0.71,0.88
35,2004-01-02,2020-04-07,0.0,1.0,2.43,0.08,0.96,1.36,-0.2,635,0.08,0.4,-0.58,8.9,0.0,0.01,0.08,0.09,0.0,-0.01,-0.01,0.95,1.19,1.18,0.63,0.99,3.47,3.55,0.02,0.03,0.07,0.04,0.17,0.11,0.08,0.1,0.08,0.03,-0.06,0.12,-0.12,0.2,-0.1,-0.01,24,12.47,1.01,0.02,-0.02,0.56,0.67,0.71,0.88
36,2004-01-02,2020-04-07,0.0,1.0,2.44,0.08,0.96,1.36,-0.2,635,0.08,0.4,-0.58,8.89,0.0,0.01,0.08,0.09,0.0,-0.01,-0.01,0.95,1.19,1.17,0.62,0.99,3.47,3.53,0.02,0.03,0.07,0.04,0.17,0.11,0.08,0.1,0.08,0.03,-0.06,0.12,-0.12,0.2,-0.1,-0.01,24,12.5,1.01,0.02,-0.02,0.56,0.67,0.71,0.88
37,2004-01-02,2020-04-07,0.0,1.0,2.44,0.08,0.96,1.36,-0.19,635,0.08,0.4,-0.58,8.88,0.0,0.01,0.08,0.09,0.0,-0.01,-0.01,0.95,1.19,1.17,0.63,0.99,3.46,3.55,0.02,0.03,0.06,0.04,0.17,0.11,0.08,0.1,0.08,0.03,-0.06,0.12,-0.12,0.2,-0.1,-0.01,24,12.53,1.01,0.02,-0.02,0.56,0.67,0.71,0.88
38,2004-01-02,2020-04-07,0.0,1.0,2.45,0.08,0.97,1.36,-0.19,635,0.08,0.41,-0.58,8.87,0.0,0.01,0.08,0.09,0.0,-0.01,-0.01,0.95,1.19,1.17,0.63,0.99,3.45,3.56,0.02,0.03,0.06,0.04,0.17,0.11,0.08,0.11,0.08,0.03,-0.06,0.12,-0.12,0.2,-0.1,-0.01,24,12.57,1.01,0.02,-0.02,0.55,0.67,0.71,0.88
39,2004-01-02,2020-04-07,0.0,1.0,2.45,0.08,0.97,1.37,-0.19,635,0.08,0.41,-0.58,8.87,0.0,0.01,0.08,0.09,0.0,-0.01,-0.01,0.95,1.19,1.17,0.63,0.99,3.45,3.56,0.02,0.03,0.06,0.04,0.17,0.11,0.08,0.11,0.08,0.03,-0.06,0.11,-0.12,0.2,-0.1,-0.01,24,12.6,1.01,0.02,-0.02,0.55,0.67,0.71,0.88
40,2004-01-02,2020-04-07,0.0,1.0,2.46,0.08,0.97,1.37,-0.19,635,0.08,0.41,-0.58,8.86,0.0,0.01,0.08,0.09,0.0,-0.01,-0.01,0.95,1.19,1.17,0.63,0.99,3.44,3.56,0.02,0.03,0.06,0.04,0.17,0.11,0.08,0.11,0.08,0.03,-0.06,0.11,-0.12,0.2,-0.1,-0.01,24,12.63,1.01,0.02,-0.02,0.55,0.67,0.71,0.88
41,2004-01-02,2020-04-07,0.0,1.0,2.46,0.08,0.97,1.37,-0.19,635,0.08,0.41,-0.58,8.85,0.0,0.01,0.08,0.09,0.0,-0.01,-0.01,0.96,1.19,1.18,0.63,0.99,3.43,3.58,0.02,0.03,0.06,0.04,0.17,0.11,0.08,0.11,0.08,0.03,-0.06,0.11,-0.12,0.2,-0.1,-0.01,24,12.66,1.01,0.02,-0.02,0.55,0.67,0.71,0.88
42,2004-01-02,2020-04-07,0.0,1.0,2.46,0.08,0.97,1.37,-0.19,635,0.08,0.41,-0.58,8.85,0.0,0.01,0.08,0.09,0.0,-0.01,-0.01,0.96,1.19,1.18,0.63,1.0,3.43,3.58,0.02,0.03,0.06,0.04,0.17,0.11,0.08,0.11,0.08,0.03,-0.06,0.11,-0.12,0.2,-0.1,-0.01,24,12.68,1.01,0.02,-0.02,0.55,0.67,0.71,0.88
43,2004-01-02,2020-04-07,0.0,1.0,2.47,0.08,0.97,1.37,-0.19,635,0.08,0.41,-0.58,8.84,0.0,0.01,0.08,0.09,0.0,-0.01,-0.01,0.96,1.19,1.18,0.63,1.0,3.43,3.59,0.02,0.03,0.06,0.04,0.17,0.11,0.08,0.11,0.08,0.03,-0.06,0.11,-0.12,0.2,-0.1,-0.01,24,12.71,1.01,0.02,-0.02,0.55,0.67,0.71,0.88
44,2004-01-02,2020-04-07,0.0,1.0,2.47,0.08,0.97,1.37,-0.19,635,0.08,0.41,-0.58,8.83,0.0,0.01,0.08,0.09,0.0,-0.01,-0.01,0.95,1.19,1.18,0.63,1.0,3.43,3.59,0.02,0.03,0.06,0.04,0.17,0.11,0.08,0.11,0.08,0.03,-0.06,0.11,-0.12,0.2,-0.1,-0.01,24,12.74,1.01,0.02,-0.02,0.55,0.67,0.71,0.88
45,2004-01-02,2020-04-07,0.0,1.0,2.47,0.08,0.97,1.37,-0.19,635,0.08,0.41,-0.58,8.83,0.0,0.01,0.08,0.09,0.0,-0.01,-0.01,0.96,1.19,1.19,0.63,1.0,3.43,3.6,0.02,0.03,0.06,0.04,0.17,0.11,0.08,0.11,0.08,0.03,-0.06,0.11,-0.12,0.2,-0.1,-0.01,24,12.76,1.01,0.02,-0.02,0.55,0.67,0.71,0.88
46,2004-01-02,2020-04-07,0.0,1.0,2.48,0.08,0.97,1.37,-0.19,635,0.08,0.41,-0.58,8.82,0.0,0.01,0.08,0.09,0.0,-0.01,-0.01,0.96,1.19,1.19,0.63,1.0,3.45,3.6,0.02,0.03,0.06,0.04,0.17,0.11,0.08,0.11,0.08,0.03,-0.06,0.11,-0.12,0.2,-0.1,-0.01,24,12.78,1.01,0.02,-0.02,0.55,0.67,0.71,0.88
47,2004-01-02,2020-04-07,0.0,1.0,2.48,0.08,0.97,1.37,-0.19,635,0.08,0.41,-0.58,8.81,0.0,0.01,0.08,0.09,0.0,-0.01,-0.01,0.96,1.19,1.19,0.63,1.0,3.47,3.6,0.02,0.03,0.06,0.04,0.17,0.11,0.08,0.11,0.08,0.03,-0.06,0.11,-0.12,0.2,-0.1,-0.01,24,12.81,1.01,0.02,-0.02,0.55,0.67,0.71,0.88
48,2004-01-02,2020-04-07,0.0,1.0,2.48,0.08,0.97,1.37,-0.19,635,0.08,0.41,-0.58,8.81,0.0,0.01,0.08,0.09,0.0,-0.01,-0.01,0.96,1.19,1.2,0.63,1.01,3.48,3.6,0.02,0.03,0.06,0.04,0.17,0.11,0.08,0.11,0.08,0.03,-0.06,0.11,-0.12,0.2,-0.1,-0.01,24,12.83,1.01,0.02,-0.02,0.55,0.67,0.71,0.88
49,2004-01-02,2020-04-07,0.0,1.0,2.48,0.08,0.97,1.37,-0.19,632,0.08,0.41,-0.58,8.8,0.0,0.01,0.08,0.09,0.0,-0.01,-0.01,0.96,1.19,1.2,0.63,1.01,3.48,3.6,0.02,0.03,0.06,0.04,0.17,0.11,0.08,0.11,0.08,0.03,-0.06,0.11,-0.12,0.2,-0.1,-0.01,24,12.85,1.01,0.02,-0.02,0.55,0.67,0.71,0.88
50,2004-01-02,2020-04-07,0.0,1.0,2.49,0.08,0.97,1.38,-0.19,632,0.08,0.41,-0.58,8.79,0.0,0.01,0.08,0.09,0.0,-0.01,-0.01,0.96,1.19,1.2,0.63,1.01,3.48,3.6,0.02,0.02,0.06,0.04,0.17,0.11,0.08,0.11,0.08,0.03,-0.06,0.11,-0.12,0.2,-0.1,-0.01,24,12.87,1.01,0.02,-0.02,0.55,0.67,0.71,0.88
51,2004-01-02,2020-04-07,0.0,1.0,2.49,0.08,0.97,1.38,-0.19,632,0.08,0.41,-0.58,8.79,0.0,0.01,0.08,0.09,0.0,-0.01,-0.01,0.96,1.19,1.19,0.63,1.01,3.48,3.59,0.02,0.02,0.06,0.03,0.17,0.11,0.08,0.11,0.08,0.03,-0.06,0.11,-0.12,0.2,-0.1,-0.01,24,12.88,1.01,0.02,-0.02,0.55,0.67,0.71,0.88
52,2004-01-02,2020-04-07,0.0,1.0,2.49,0.08,0.97,1.38,-0.19,632,0.08,0.41,-0.58,8.78,0.0,0.01,0.08,0.09,0.0,-0.01,-0.01,0.96,1.19,1.2,0.63,1.01,3.49,3.59,0.02,0.02,0.06,0.03,0.17,0.11,0.08,0.11,0.08,0.03,-0.06,0.11,-0.12,0.2,-0.1,-0.01,24,12.9,1.01,0.02,-0.02,0.55,0.67,0.71,0.88
53,2004-01-02,2020-04-07,0.0,1.0,2.49,0.08,0.97,1.38,-0.19,630,0.08,0.41,-0.58,8.77,0.0,0.01,0.08,0.09,0.0,-0.01,-0.01,0.96,1.19,1.2,0.63,1.01,3.5,3.59,0.02,0.02,0.06,0.03,0.17,0.11,0.08,0.11,0.08,0.03,-0.06,0.11,-0.12,0.2,-0.1,-0.01,24,12.92,1.01,0.02,-0.02,0.55,0.67,0.71,0.88
54,2004-01-02,2020-04-07,0.0,1.0,2.49,0.08,0.98,1.38,-0.19,630,0.08,0.41,-0.58,8.77,0.0,0.01,0.08,0.09,0.0,-0.01,-0.01,0.96,1.19,1.2,0.63,1.01,3.5,3.6,0.02,0.02,0.06,0.03,0.17,0.11,0.08,0.11,0.08,0.03,-0.06,0.11,-0.12,0.2,-0.1,-0.01,24,12.93,1.01,0.02,-0.02,0.55,0.67,0.71,0.88
55,2004-01-02,2020-04-07,0.0,1.0,2.5,0.08,0.98,1.38,-0.19,630,0.08,0.41,-0.58,8.76,0.0,0.01,0.08,0.09,0.0,-0.01,-0.01,0.96,1.19,1.2,0.63,1.01,3.5,3.6,0.02,0.02,0.06,0.03,0.17,0.11,0.08,0.11,0.08,0.03,-0.06,0.11,-0.12,0.2,-0.1,-0.01,24,12.94,1.01,0.02,-0.02,0.55,0.67,0.71,0.88
56,2004-01-02,2020-04-07,0.0,1.0,2.5,0.08,0.98,1.38,-0.19,630,0.08,0.41,-0.58,8.76,0.0,0.01,0.08,0.09,0.0,-0.01,-0.01,0.96,1.19,1.2,0.63,1.01,3.51,3.6,0.02,0.02,0.06,0.03,0.17,0.11,0.08,0.11,0.08,0.03,-0.06,0.11,-0.12,0.2,-0.1,-0.01,24,12.96,1.01,0.02,-0.02,0.55,0.67,0.71,0.88
57,2004-01-02,2020-04-07,0.0,1.0,2.5,0.08,0.98,1.38,-0.19,630,0.08,0.42,-0.58,8.75,0.0,0.01,0.08,0.09,0.0,-0.01,-0.01,0.96,1.19,1.2,0.63,1.01,3.52,3.61,0.02,0.02,0.06,0.03,0.17,0.11,0.08,0.11,0.08,0.03,-0.06,0.11,-0.12,0.2,-0.1,-0.01,24,12.97,1.01,0.02,-0.02,0.55,0.67,0.71,0.88
58,2004-01-02,2020-04-07,0.0,1.0,2.5,0.08,0.98,1.38,-0.19,630,0.08,0.42,-0.58,8.75,0.0,0.01,0.08,0.09,0.0,-0.01,-0.01,0.96,1.19,1.2,0.63,1.01,3.52,3.62,0.02,0.02,0.05,0.03,0.17,0.11,0.08,0.11,0.08,0.03,-0.06,0.11,-0.12,0.2,-0.1,-0.01,24,12.98,1.01,0.02,-0.02,0.55,0.67,0.71,0.88
59,2004-01-02,2020-04-07,0.0,1.0,2.5,0.08,0.98,1.38,-0.19,630,0.08,0.42,-0.58,8.74,0.0,0.01,0.08,0.09,0.0,-0.01,-0.01,0.96,1.19,1.2,0.63,1.01,3.53,3.62,0.02,0.02,0.05,0.03,0.17,0.11,0.08,0.1,0.08,0.03,-0.06,0.11,-0.12,0.2,-0.1,-0.01,24,12.99,1.01,0.02,-0.02,0.55,0.67,0.71,0.88
60,2004-01-02,2020-04-07,0.0,1.0,2.5,0.08,0.98,1.38,-0.19,630,0.08,0.42,-0.58,8.73,0.0,0.01,0.08,0.09,0.0,-0.01,-0.01,0.96,1.19,1.2,0.63,1.01,3.53,3.64,0.02,0.02,0.05,0.03,0.17,0.11,0.08,0.1,0.08,0.03,-0.06,0.11,-0.12,0.2,-0.1,-0.01,24,13.0,1.01,0.02,-0.02,0.55,0.67,0.71,0.88
61,2004-01-02,2020-04-07,0.0,1.0,2.5,0.08,0.98,1.38,-0.19,630,0.08,0.42,-0.58,8.73,0.0,0.01,0.08,0.09,0.0,-0.01,-0.01,0.96,1.19,1.2,0.63,1.01,3.53,3.64,0.02,0.02,0.05,0.03,0.17,0.11,0.08,0.1,0.08,0.03,-0.06,0.11,-0.12,0.2,-0.1,-0.01,24,13.01,1.01,0.02,-0.02,0.55,0.67,0.71,0.88
62,2004-01-02,2020-04-07,0.0,1.0,2.51,0.08,0.98,1.38,-0.19,630,0.08,0.42,-0.58,8.72,0.0,0.01,0.08,0.09,0.0,-0.01,-0.01,0.96,1.19,1.2,0.63,1.01,3.53,3.63,0.02,0.02,0.05,0.03,0.17,0.11,0.08,0.1,0.08,0.03,-0.06,0.11,-0.12,0.2,-0.1,-0.01,24,13.02,1.01,0.02,-0.02,0.55,0.67,0.71,0.88
63,2004-01-02,2020-04-07,0.0,1.0,2.51,0.08,0.98,1.38,-0.19,630,0.08,0.42,-0.58,8.72,0.0,0.01,0.08,0.09,0.0,-0.01,-0.01,0.96,1.19,1.2,0.63,1.01,3.53,3.62,0.02,0.02,0.05,0.03,0.17,0.11,0.08,0.1,0.08,0.03,-0.06,0.11,-0.12,0.2,-0.1,-0.01,24,13.03,1.01,0.02,-0.02,0.55,0.67,0.71,0.88
64,2004-01-02,2020-04-07,0.0,1.0,2.51,0.08,0.98,1.38,-0.19,630,0.08,0.42,-0.58,8.71,0.0,0.01,0.08,0.09,0.0,-0.01,-0.01,0.96,1.19,1.2,0.63,1.01,3.53,3.61,0.02,0.02,0.05,0.03,0.17,0.11,0.08,0.1,0.08,0.03,-0.06,0.11,-0.12,0.2,-0.1,-0.01,24,13.04,1.01,0.02,-0.02,0.55,0.67,0.71,0.88
65,2004-01-02,2020-04-07,0.0,1.0,2.51,0.08,0.98,1.38,-0.19,630,0.08,0.42,-0.58,8.71,0.0,0.01,0.08,0.09,0.0,-0.01,-0.01,0.96,1.19,1.2,0.63,1.01,3.53,3.6,0.02,0.02,0.05,0.03,0.17,0.11,0.08,0.1,0.08,0.03,-0.06,0.11,-0.12,0.2,-0.1,-0.01,24,13.04,1.01,0.02,-0.02,0.55,0.67,0.71,0.88
66,2004-01-02,2020-04-07,0.0,1.0,2.51,0.08,0.98,1.38,-0.19,630,0.08,0.42,-0.58,8.7,0.0,0.01,0.08,0.09,0.0,-0.01,-0.01,0.96,1.19,1.2,0.63,1.01,3.54,3.6,0.02,0.02,0.05,0.03,0.17,0.11,0.08,0.1,0.08,0.03,-0.06,0.11,-0.12,0.2,-0.1,-0.01,24,13.05,1.01,0.02,-0.02,0.55,0.67,0.71,0.88
67,2004-01-02,2020-04-07,0.0,1.0,2.51,0.08,0.98,1.38,-0.19,630,0.08,0.42,-0.58,8.7,0.0,0.01,0.08,0.09,0.0,-0.01,-0.01,0.96,1.19,1.2,0.63,1.01,3.54,3.62,0.02,0.02,0.05,0.03,0.17,0.11,0.08,0.1,0.08,0.03,-0.06,0.11,-0.12,0.2,-0.1,-0.01,24,13.05,1.01,0.02,-0.02,0.55,0.67,0.71,0.88
68,2004-01-02,2020-04-07,0.0,1.0,2.51,0.08,0.98,1.38,-0.19,630,0.08,0.42,-0.58,8.69,0.0,0.01,0.08,0.09,0.0,-0.01,-0.01,0.97,1.19,1.2,0.63,1.01,3.54,3.64,0.02,0.02,0.05,0.03,0.17,0.11,0.08,0.1,0.08,0.03,-0.06,0.11,-0.12,0.2,-0.1,-0.01,24,13.06,1.01,0.02,-0.02,0.55,0.67,0.71,0.88
69,2004-01-02,2020-04-07,0.0,1.0,2.51,0.08,0.98,1.38,-0.19,630,0.08,0.42,-0.59,8.69,0.0,0.01,0.08,0.09,0.0,-0.01,-0.01,0.97,1.19,1.2,0.63,1.01,3.54,3.64,0.02,0.02,0.05,0.03,0.17,0.11,0.08,0.1,0.08,0.03,-0.06,0.11,-0.12,0.2,-0.1,-0.01,24,13.06,1.01,0.02,-0.02,0.55,0.67,0.71,0.88
70,2004-01-02,2020-04-07,0.0,1.0,2.51,0.08,0.98,1.38,-0.19,630,0.08,0.42,-0.59,8.68,0.0,0.01,0.08,0.09,0.0,-0.01,-0.01,0.97,1.19,1.2,0.63,1.01,3.53,3.64,0.02,0.02,0.05,0.03,0.17,0.11,0.08,0.1,0.08,0.03,-0.06,0.11,-0.12,0.2,-0.1,-0.01,24,13.07,1.01,0.02,-0.02,0.55,0.67,0.71,0.88
71,2004-01-02,2020-04-07,0.0,1.0,2.51,0.08,0.98,1.38,-0.19,630,0.08,0.42,-0.59,8.68,0.0,0.01,0.08,0.09,0.0,-0.01,-0.01,0.97,1.19,1.19,0.63,1.0,3.53,3.64,0.02,0.02,0.05,0.03,0.17,0.11,0.08,0.1,0.08,0.03,-0.06,0.11,-0.12,0.2,-0.1,-0.01,24,13.07,1.01,0.02,-0.02,0.55,0.67,0.71,0.88
72,2004-01-02,2020-04-07,0.0,1.0,2.51,0.08,0.98,1.38,-0.19,630,0.08,0.42,-0.59,8.67,0.0,0.01,0.08,0.09,0.0,-0.01,-0.01,0.96,1.19,1.19,0.63,1.0,3.54,3.64,0.02,0.02,0.05,0.03,0.17,0.11,0.08,0.1,0.08,0.03,-0.06,0.11,-0.12,0.2,-0.1,-0.01,24,13.07,1.01,0.02,-0.02,0.55,0.67,0.71,0.88
73,2004-01-02,2020-04-07,0.0,1.0,2.51,0.08,0.98,1.38,-0.19,630,0.08,0.42,-0.59,8.67,0.0,0.01,0.08,0.09,0.0,-0.01,-0.01,0.96,1.19,1.19,0.63,1.01,3.54,3.64,0.02,0.02,0.05,0.03,0.17,0.11,0.08,0.1,0.08,0.03,-0.06,0.11,-0.12,0.2,-0.1,-0.01,24,13.08,1.01,0.02,-0.02,0.55,0.67,0.71,0.88
74,2004-01-02,2020-04-07,0.0,1.0,2.51,0.08,0.98,1.38,-0.19,630,0.08,0.42,-0.59,8.66,0.0,0.01,0.08,0.09,0.0,-0.01,-0.01,0.97,1.19,1.2,0.63,1.01,3.54,3.64,0.02,0.02,0.05,0.03,0.17,0.11,0.08,0.1,0.08,0.03,-0.06,0.11,-0.12,0.2,-0.1,-0.01,24,13.08,1.01,0.02,-0.02,0.55,0.67,0.71,0.88
75,2004-01-02,2020-04-07,0.0,1.0,2.51,0.08,0.98,1.38,-0.19,630,0.08,0.42,-0.59,8.66,0.0,0.01,0.08,0.09,0.0,-0.01,-0.01,0.96,1.19,1.19,0.63,1.01,3.54,3.64,0.02,0.02,0.05,0.03,0.17,0.11,0.08,0.1,0.08,0.03,-0.06,0.11,-0.12,0.2,-0.1,-0.01,24,13.08,1.01,0.02,-0.02,0.55,0.67,0.71,0.88
76,2004-01-02,2020-04-07,0.0,1.0,2.51,0.08,0.98,1.38,-0.19,630,0.08,0.42,-0.59,8.65,0.0,0.01,0.08,0.09,0.0,-0.01,-0.01,0.96,1.19,1.19,0.63,1.0,3.54,3.63,0.02,0.02,0.05,0.03,0.17,0.11,0.08,0.1,0.08,0.03,-0.06,0.11,-0.12,0.2,-0.1,-0.01,24,13.08,1.01,0.02,-0.02,0.55,0.67,0.71,0.88
77,2004-01-02,2020-04-07,0.0,1.0,2.51,0.08,0.98,1.38,-0.19,630,0.08,0.42,-0.59,8.65,0.0,0.01,0.08,0.09,0.0,-0.01,-0.01,0.96,1.19,1.19,0.63,1.0,3.54,3.63,0.02,0.02,0.05,0.03,0.17,0.11,0.08,0.1,0.08,0.03,-0.06,0.11,-0.12,0.2,-0.1,-0.01,24,13.08,1.01,0.02,-0.02,0.55,0.67,0.71,0.82
78,2004-01-02,2020-04-07,0.0,1.0,2.51,0.08,0.98,1.38,-0.19,630,0.08,0.42,-0.59,8.65,0.0,0.01,0.08,0.09,0.0,-0.01,-0.01,0.96,1.19,1.19,0.63,1.0,3.54,3.63,0.02,0.02,0.05,0.03,0.17,0.11,0.08,0.1,0.08,0.03,-0.06,0.11,-0.12,0.2,-0.1,-0.01,24,13.08,1.01,0.02,-0.02,0.55,0.67,0.71,0.82
79,2004-01-02,2020-04-07,0.0,1.0,2.51,0.08,0.98,1.38,-0.19,630,0.08,0.42,-0.59,8.64,0.0,0.01,0.08,0.09,0.0,-0.01,-0.01,0.96,1.19,1.19,0.63,1.0,3.54,3.63,0.02,0.02,0.05,0.03,0.17,0.11,0.08,0.1,0.08,0.03,-0.06,0.11,-0.12,0.2,-0.1,-0.01,24,13.08,1.01,0.02,-0.02,0.55,0.67,0.71,0.82
80,2004-01-02,2020-04-07,0.0,1.0,2.51,0.08,0.98,1.38,-0.19,630,0.08,0.42,-0.59,8.64,0.0,0.01,0.08,0.09,0.0,-0.01,-0.01,0.96,1.19,1.19,0.63,1.0,3.54,3.63,0.02,0.02,0.05,0.03,0.17,0.11,0.08,0.1,0.08,0.03,-0.06,0.11,-0.12,0.2,-0.1,-0.01,24,13.08,1.01,0.02,-0.02,0.55,0.67,0.71,0.82
81,2004-01-02,2020-04-07,0.0,1.0,2.51,0.08,0.98,1.38,-0.19,630,0.08,0.42,-0.59,8.63,0.0,0.01,0.08,0.09,0.0,-0.01,-0.01,0.96,1.19,1.19,0.63,1.0,3.54,3.62,0.02,0.02,0.05,0.03,0.17,0.11,0.08,0.1,0.08,0.03,-0.06,0.11,-0.12,0.2,-0.1,-0.01,24,13.08,1.01,0.02,-0.02,0.55,0.67,0.71,0.82
82,2004-01-02,2020-04-07,0.0,1.0,2.51,0.08,0.98,1.38,-0.19,630,0.08,0.42,-0.59,8.63,0.0,0.01,0.08,0.09,0.0,-0.01,-0.01,0.96,1.19,1.19,0.63,1.0,3.54,3.63,0.02,0.02,0.05,0.03,0.17,0.11,0.08,0.1,0.08,0.03,-0.06,0.11,-0.12,0.2,-0.1,-0.01,24,13.08,1.01,0.02,-0.02,0.55,0.67,0.71,0.82
83,2004-01-02,2020-04-07,0.0,1.0,2.51,0.08,0.98,1.38,-0.19,630,0.08,0.42,-0.59,8.62,0.0,0.01,0.08,0.09,0.0,-0.01,-0.01,0.96,1.19,1.19,0.63,1.0,3.54,3.63,0.02,0.02,0.05,0.03,0.17,0.11,0.08,0.1,0.08,0.03,-0.06,0.11,-0.12,0.2,-0.1,-0.01,24,13.08,1.01,0.02,-0.02,0.55,0.67,0.71,0.82
84,2004-01-02,2020-04-07,0.0,1.0,2.51,0.08,0.98,1.38,-0.19,630,0.08,0.42,-0.59,8.62,0.0,0.01,0.08,0.09,0.0,-0.01,-0.01,0.96,1.19,1.19,0.63,1.0,3.54,3.62,0.02,0.02,0.05,0.03,0.17,0.11,0.08,0.1,0.08,0.03,-0.06,0.11,-0.12,0.2,-0.1,-0.01,24,13.08,1.01,0.02,-0.02,0.55,0.67,0.71,0.82
85,2004-01-02,2020-04-07,0.0,1.0,2.51,0.08,0.98,1.38,-0.19,630,0.08,0.42,-0.59,8.62,0.0,0.01,0.08,0.09,0.0,-0.01,-0.01,0.96,1.19,1.19,0.63,1.0,3.54,3.62,0.02,0.02,0.05,0.03,0.17,0.11,0.08,0.1,0.08,0.03,-0.06,0.11,-0.12,0.2,-0.1,-0.01,24,13.08,1.01,0.02,-0.02,0.55,0.67,0.73,0.82
86,2004-01-02,2020-04-07,0.0,1.0,2.51,0.08,0.98,1.38,-0.19,630,0.08,0.42,-0.59,8.61,0.0,0.01,0.08,0.09,0.0,-0.01,-0.01,0.96,1.19,1.19,0.63,1.0,3.55,3.62,0.02,0.02,0.05,0.03,0.17,0.11,0.08,0.1,0.08,0.03,-0.06,0.11,-0.12,0.2,-0.1,-0.01,24,13.07,1.01,0.02,-0.02,0.55,0.67,0.73,0.82
87,2004-01-02,2020-04-07,0.0,1.0,2.51,0.08,0.98,1.38,-0.19,630,0.08,0.42,-0.59,8.61,0.0,0.01,0.08,0.09,0.0,-0.01,-0.01,0.96,1.19,1.19,0.63,1.0,3.54,3.62,0.02,0.02,0.05,0.03,0.17,0.11,0.08,0.1,0.08,0.03,-0.06,0.11,-0.12,0.2,-0.1,-0.01,24,13.07,1.01,0.02,-0.02,0.55,0.67,0.73,0.82
88,2004-01-02,2020-04-07,0.0,1.0,2.51,0.08,0.98,1.38,-0.19,630,0.08,0.42,-0.59,8.61,0.0,0.01,0.08,0.09,0.0,-0.01,-0.01,0.96,1.19,1.19,0.63,1.0,3.55,3.61,0.02,0.02,0.05,0.03,0.17,0.11,0.08,0.1,0.08,0.03,-0.06,0.11,-0.12,0.2,-0.1,-0.01,24,13.06,1.01,0.02,-0.02,0.55,0.66,0.73,0.82
89,2004-01-02,2020-04-07,0.0,1.0,2.51,0.08,0.98,1.38,-0.19,630,0.08,0.42,-0.59,8.6,0.0,0.01,0.08,0.09,0.0,-0.01,-0.01,0.96,1.19,1.19,0.63,1.0,3.55,3.61,0.02,0.02,0.05,0.03,0.17,0.11,0.08,0.1,0.08,0.03,-0.06,0.11,-0.12,0.2,-0.1,-0.01,24,13.06,1.01,0.02,-0.02,0.55,0.66,0.73,0.82
90,2004-01-02,2020-04-07,0.0,1.0,2.51,0.08,0.98,1.38,-0.19,630,0.08,0.42,-0.59,8.6,0.0,0.01,0.08,0.09,0.0,-0.01,-0.01,0.96,1.19,1.19,0.63,1.0,3.55,3.61,0.02,0.02,0.05,0.03,0.17,0.11,0.08,0.1,0.08,0.03,-0.06,0.11,-0.12,0.2,-0.1,-0.01,24,13.05,1.01,0.02,-0.02,0.55,0.66,0.73,0.82
91,2004-01-02,2020-04-07,0.0,1.0,2.51,0.08,0.98,1.38,-0.19,630,0.08,0.42,-0.59,8.59,0.0,0.01,0.08,0.09,0.0,-0.01,-0.01,0.96,1.19,1.19,0.63,1.0,3.54,3.61,0.02,0.02,0.05,0.03,0.17,0.11,0.08,0.1,0.08,0.03,-0.06,0.11,-0.12,0.2,-0.1,-0.01,24,13.05,1.01,0.02,-0.02,0.55,0.66,0.73,0.82
92,2004-01-02,2020-04-07,0.0,1.0,2.51,0.08,0.98,1.38,-0.19,630,0.08,0.42,-0.59,8.59,0.0,0.01,0.08,0.09,0.0,-0.01,-0.01,0.96,1.19,1.18,0.63,1.0,3.54,3.62,0.02,0.02,0.05,0.03,0.17,0.11,0.08,0.1,0.08,0.03,-0.06,0.11,-0.12,0.2,-0.1,-0.01,24,13.04,1.01,0.02,-0.02,0.55,0.66,0.73,0.82
93,2004-01-02,2020-04-07,0.0,1.0,2.51,0.08,0.97,1.38,-0.19,635,0.08,0.42,-0.59,8.59,0.0,0.01,0.08,0.09,0.0,-0.01,-0.01,0.96,1.19,1.18,0.63,1.0,3.54,3.62,0.02,0.02,0.04,0.03,0.17,0.11,0.08,0.1,0.08,0.03,-0.06,0.11,-0.12,0.2,-0.1,-0.01,24,13.04,1.01,0.02,-0.02,0.55,0.66,0.73,0.82
94,2004-01-02,2020-04-07,0.0,1.0,2.51,0.08,0.97,1.38,-0.19,635,0.08,0.42,-0.59,8.58,0.0,0.01,0.08,0.09,0.0,-0.01,-0.01,0.96,1.19,1.18,0.63,1.0,3.54,3.62,0.02,0.02,0.04,0.03,0.17,0.11,0.08,0.1,0.08,0.03,-0.06,0.11,-0.12,0.2,-0.1,-0.01,24,13.03,1.01,0.02,-0.02,0.55,0.66,0.73,0.82
95,2004-01-02,2020-04-07,0.0,1.0,2.51,0.08,0.97,1.38,-0.19,635,0.08,0.42,-0.59,8.58,0.0,0.01,0.08,0.09,0.0,-0.01,-0.01,0.96,1.19,1.18,0.63,1.0,3.54,3.62,0.02,0.02,0.04,0.03,0.17,0.11,0.08,0.1,0.08,0.03,-0.06,0.11,-0.12,0.2,-0.1,-0.01,24,13.03,1.01,0.02,-0.02,0.55,0.66,0.73,0.82
96,2004-01-02,2020-04-07,0.0,1.0,2.51,0.08,0.97,1.38,-0.19,635,0.08,0.42,-0.59,8.58,0.0,0.01,0.08,0.09,0.0,-0.01,-0.01,0.96,1.19,1.18,0.63,1.0,3.54,3.62,0.02,0.02,0.04,0.03,0.17,0.11,0.08,0.1,0.08,0.03,-0.06,0.11,-0.12,0.2,-0.1,-0.01,24,13.02,1.01,0.02,-0.02,0.55,0.66,0.73,0.82
97,2004-01-02,2020-04-07,0.0,1.0,2.51,0.08,0.97,1.38,-0.19,635,0.08,0.42,-0.6,8.57,0.0,0.01,0.08,0.09,0.0,-0.01,-0.01,0.96,1.19,1.18,0.63,1.0,3.54,3.62,0.02,0.02,0.04,0.03,0.17,0.11,0.08,0.1,0.08,0.03,-0.06,0.11,-0.12,0.2,-0.1,-0.01,24,13.02,1.01,0.02,-0.02,0.55,0.66,0.73,0.82
98,2004-01-02,2020-04-07,0.0,1.0,2.51,0.08,0.97,1.37,-0.19,635,0.08,0.42,-0.6,8.57,0.0,0.01,0.08,0.09,0.0,-0.01,-0.01,0.96,1.19,1.18,0.63,1.0,3.54,3.62,0.02,0.02,0.04,0.03,0.17,0.11,0.08,0.1,0.08,0.03,-0.06,0.11,-0.12,0.2,-0.1,-0.01,24,13.01,1.01,0.02,-0.02,0.55,0.66,0.73,0.82
99,2004-01-02,2020-04-07,0.0,1.0,2.51,0.08,0.97,1.37,-0.19,635,0.08,0.42,-0.6,8.57,0.0,0.01,0.08,0.09,0.0,-0.01,-0.01,0.96,1.19,1.18,0.63,1.0,3.53,3.63,0.02,0.02,0.04,0.03,0.17,0.11,0.08,0.1,0.08,0.03,-0.06,0.11,-0.12,0.2,-0.1,-0.01,24,13.01,1.01,0.02,-0.02,0.55,0.66,0.73,0.82
100,2004-01-02,2020-04-07,0.0,1.0,2.51,0.08,0.97,1.37,-0.19,635,0.08,0.42,-0.6,8.56,0.0,0.01,0.08,0.09,0.0,-0.01,-0.01,0.96,1.19,1.18,0.63,1.0,3.53,3.62,0.02,0.02,0.04,0.03,0.17,0.11,0.08,0.1,0.08,0.03,-0.06,0.11,-0.12,0.2,-0.1,-0.01,24,13.0,1.01,0.02,-0.02,0.55,0.66,0.73,0.82
101,2004-01-02,2020-04-07,0.0,1.0,2.51,0.08,0.97,1.37,-0.19,635,0.08,0.42,-0.6,8.56,0.0,0.01,0.08,0.09,0.0,-0.01,-0.01,0.96,1.19,1.18,0.63,0.99,3.53,3.62,0.02,0.02,0.04,0.03,0.17,0.11,0.08,0.1,0.08,0.03,-0.06,0.11,-0.12,0.2,-0.1,-0.01,24,13.0,1.01,0.02,-0.02,0.55,0.66,0.73,0.82
102,2004-01-02,2020-04-07,0.0,1.0,2.5,0.08,0.97,1.37,-0.19,635,0.08,0.42,-0.6,8.56,0.0,0.01,0.08,0.09,0.0,-0.01,-0.01,0.96,1.19,1.18,0.63,0.99,3.53,3.62,0.02,0.02,0.04,0.03,0.17,0.11,0.08,0.1,0.08,0.03,-0.06,0.11,-0.12,0.2,-0.1,-0.01,24,12.99,1.01,0.02,-0.02,0.55,0.66,0.73,0.82
103,2004-01-02,2020-04-07,0.0,1.0,2.5,0.08,0.97,1.37,-0.19,635,0.08,0.42,-0.6,8.55,0.0,0.01,0.08,0.09,0.0,-0.01,-0.01,0.96,1.19,1.18,0.63,0.99,3.53,3.62,0.02,0.02,0.04,0.03,0.17,0.11,0.08,0.1,0.08,0.03,-0.06,0.11,-0.12,0.2,-0.1,-0.01,24,12.99,1.01,0.02,-0.02,0.55,0.66,0.73,0.82
104,2004-01-02,2020-04-07,0.0,1.0,2.5,0.08,0.97,1.37,-0.19,635,0.08,0.42,-0.6,8.55,0.0,0.01,0.08,0.09,0.0,-0.01,-0.01,0.96,1.19,1.18,0.63,0.99,3.53,3.62,0.02,0.02,0.04,0.03,0.17,0.11,0.08,0.1,0.08,0.03,-0.06,0.11,-0.12,0.2,-0.1,-0.01,24,12.98,1.01,0.02,-0.02,0.55,0.66,0.73,0.82
105,2004-01-02,2020-04-07,0.0,1.0,2.5,0.08,0.97,1.37,-0.19,635,0.08,0.42,-0.6,8.55,0.0,0.01,0.08,0.09,0.0,-0.01,-0.01,0.96,1.19,1.18,0.63,0.99,3.54,3.62,0.02,0.02,0.04,0.03,0.17,0.11,0.08,0.1,0.08,0.03,-0.06,0.11,-0.12,0.2,-0.1,-0.01,24,12.98,1.01,0.02,-0.02,0.55,0.66,0.73,0.82
106,2004-01-02,2020-04-07,0.0,1.0,2.5,0.08,0.97,1.37,-0.19,635,0.08,0.41,-0.6,8.55,0.0,0.01,0.08,0.09,0.0,-0.01,-0.01,0.96,1.19,1.18,0.63,0.99,3.55,3.61,0.02,0.02,0.04,0.03,0.17,0.11,0.08,0.1,0.08,0.03,-0.06,0.11,-0.12,0.2,-0.1,-0.01,24,12.97,1.01,0.02,-0.02,0.55,0.66,0.73,0.82
107,2004-01-02,2020-04-07,0.0,1.0,2.5,0.08,0.97,1.37,-0.19,635,0.08,0.41,-0.6,8.54,0.0,0.01,0.08,0.09,0.0,-0.01,-0.01,0.96,1.19,1.18,0.63,0.99,3.54,3.62,0.02,0.02,0.04,0.03,0.17,0.11,0.08,0.1,0.08,0.03,-0.06,0.11,-0.12,0.2,-0.1,-0.01,25,12.96,1.01,0.02,-0.02,0.55,0.66,0.73,0.82
108,2004-01-02,2020-04-07,0.0,1.0,2.5,0.08,0.97,1.37,-0.19,635,0.08,0.41,-0.6,8.54,0.0,0.01,0.08,0.09,0.0,-0.01,-0.01,0.96,1.19,1.18,0.63,0.99,3.54,3.62,0.02,0.02,0.04,0.03,0.17,0.11,0.08,0.1,0.08,0.03,-0.06,0.11,-0.12,0.2,-0.1,-0.01,25,12.96,1.01,0.02,-0.02,0.55,0.66,0.73,0.82
109,2004-01-02,2020-04-07,0.0,1.0,2.5,0.08,0.97,1.37,-0.19,635,0.08,0.41,-0.6,8.54,0.0,0.01,0.08,0.09,0.0,-0.01,-0.01,0.96,1.19,1.18,0.63,0.99,3.54,3.62,0.02,0.01,0.04,0.03,0.17,0.11,0.08,0.1,0.08,0.03,-0.06,0.11,-0.12,0.2,-0.1,-0.01,25,12.95,1.01,0.02,-0.02,0.55,0.66,0.73,0.82
110,2004-01-02,2020-04-07,0.0,1.0,2.5,0.08,0.97,1.37,-0.19,635,0.08,0.41,-0.6,8.53,0.0,0.01,0.08,0.09,0.0,-0.01,-0.01,0.96,1.19,1.18,0.63,0.99,3.54,3.62,0.02,0.01,0.04,0.03,0.17,0.11,0.08,0.1,0.08,0.03,-0.06,0.11,-0.12,0.2,-0.1,-0.01,25,12.95,1.01,0.02,-0.02,0.55,0.66,0.73,0.82
111,2004-01-02,2020-04-07,0.0,1.0,2.5,0.08,0.97,1.37,-0.19,635,0.08,0.41,-0.6,8.53,0.0,0.01,0.08,0.09,0.0,-0.01,-0.01,0.96,1.19,1.18,0.63,0.99,3.54,3.62,0.02,0.01,0.04,0.03,0.17,0.11,0.08,0.1,0.08,0.03,-0.06,0.11,-0.12,0.2,-0.1,-0.01,25,12.94,1.01,0.02,-0.02,0.55,0.66,0.73,0.82
112,2004-01-02,2020-04-07,0.0,1.0,2.5,0.08,0.97,1.37,-0.19,635,0.08,0.41,-0.6,8.53,0.0,0.01,0.08,0.09,0.0,-0.01,-0.01,0.96,1.19,1.18,0.63,0.99,3.54,3.62,0.02,0.01,0.04,0.03,0.17,0.11,0.08,0.1,0.08,0.03,-0.06,0.11,-0.12,0.2,-0.1,-0.01,25,12.94,1.01,0.02,-0.02,0.55,0.66,0.73,0.82
113,2004-01-02,2020-04-07,0.0,1.0,2.5,0.08,0.97,1.37,-0.19,635,0.08,0.41,-0.6,8.52,0.0,0.01,0.08,0.09,0.0,-0.01,-0.01,0.96,1.19,1.18,0.63,0.99,3.54,3.62,0.02,0.01,0.04,0.03,0.17,0.11,0.08,0.1,0.08,0.03,-0.06,0.11,-0.12,0.2,-0.1,-0.01,25,12.93,1.01,0.02,-0.02,0.55,0.66,0.73,0.82
114,2004-01-02,2020-04-07,0.0,1.0,2.5,0.08,0.97,1.37,-0.19,635,0.08,0.41,-0.6,8.52,0.0,0.01,0.08,0.09,0.0,-0.01,-0.01,0.96,1.19,1.18,0.63,0.99,3.54,3.62,0.02,0.01,0.04,0.03,0.17,0.11,0.08,0.1,0.08,0.03,-0.06,0.11,-0.12,0.2,-0.1,-0.01,25,12.93,1.01,0.02,-0.02,0.55,0.66,0.71,0.82
115,2004-01-02,2020-04-07,0.0,1.0,2.5,0.08,0.97,1.37,-0.19,635,0.08,0.41,-0.6,8.52,0.0,0.01,0.08,0.09,0.0,-0.01,-0.01,0.96,1.19,1.18,0.63,0.99,3.54,3.61,0.02,0.01,0.04,0.03,0.17,0.11,0.08,0.1,0.08,0.03,-0.06,0.11,-0.12,0.2,-0.1,-0.01,25,12.92,1.01,0.02,-0.02,0.55,0.66,0.71,0.82
116,2004-01-02,2020-04-07,0.0,1.0,2.5,0.08,0.97,1.37,-0.19,635,0.08,0.41,-0.6,8.52,0.0,0.01,0.08,0.09,0.0,-0.01,-0.01,0.96,1.19,1.18,0.63,0.99,3.54,3.61,0.02,0.01,0.04,0.03,0.17,0.11,0.08,0.1,0.08,0.03,-0.06,0.11,-0.12,0.2,-0.1,-0.01,25,12.92,1.01,0.02,-0.02,0.55,0.66,0.71,0.82
117,2004-01-02,2020-04-07,0.0,1.0,2.5,0.08,0.97,1.37,-0.19,635,0.08,0.41,-0.6,8.51,0.0,0.01,0.08,0.09,0.0,-0.01,-0.01,0.96,1.19,1.17,0.63,0.99,3.54,3.61,0.02,0.01,0.04,0.03,0.17,0.11,0.08,0.1,0.08,0.03,-0.06,0.11,-0.12,0.2,-0.1,-0.01,25,12.91,1.01,0.02,-0.02,0.55,0.65,0.71,0.82
118,2004-01-02,2020-04-07,0.0,1.0,2.5,0.08,0.97,1.37,-0.19,635,0.08,0.41,-0.6,8.51,0.0,0.01,0.08,0.09,0.0,-0.01,-0.01,0.96,1.19,1.17,0.63,0.99,3.54,3.61,0.02,0.01,0.04,0.03,0.17,0.11,0.08,0.1,0.08,0.03,-0.06,0.11,-0.12,0.2,-0.1,-0.01,25,12.9,1.01,0.02,-0.02,0.55,0.65,0.71,0.82
119,2004-01-02,2020-04-07,0.0,1.0,2.49,0.08,0.97,1.37,-0.19,635,0.08,0.41,-0.6,8.51,0.0,0.01,0.08,0.09,0.0,-0.01,-0.01,0.95,1.19,1.17,0.63,0.99,3.54,3.61,0.02,0.01,0.04,0.03,0.17,0.11,0.08,0.1,0.08,0.03,-0.06,0.11,-0.12,0.2,-0.1,-0.01,25,12.9,1.01,0.02,-0.02,0.55,0.65,0.71,0.82
120,2004-01-02,2020-04-07,0.0,1.0,2.49,0.08,0.97,1.37,-0.19,635,0.08,0.41,-0.6,8.51,0.0,0.01,0.08,0.09,0.0,-0.01,-0.01,0.96,1.19,1.17,0.63,0.99,3.54,3.61,0.02,0.01,0.04,0.03,0.17,0.11,0.08,0.1,0.08,0.03,-0.06,0.11,-0.12,0.2,-0.1,-0.01,25,12.89,1.01,0.02,-0.02,0.55,0.65,0.71,0.82
121,2004-01-02,2020-04-07,0.0,1.0,2.49,0.08,0.97,1.37,-0.19,635,0.08,0.41,-0.6,8.5,0.0,0.01,0.08,0.09,0.0,-0.01,-0.01,0.96,1.19,1.17,0.63,0.99,3.54,3.61,0.02,0.01,0.04,0.03,0.17,0.11,0.08,0.1,0.08,0.03,-0.06,0.11,-0.12,0.2,-0.1,-0.01,25,12.89,1.01,0.02,-0.02,0.55,0.65,0.71,0.82
122,2004-01-02,2020-04-07,0.0,1.0,2.49,0.08,0.97,1.37,-0.19,635,0.08,0.41,-0.6,8.5,0.0,0.01,0.08,0.09,0.0,-0.01,-0.01,0.95,1.19,1.17,0.63,0.99,3.54,3.61,0.02,0.01,0.04,0.03,0.17,0.11,0.08,0.1,0.08,0.03,-0.06,0.11,-0.12,0.2,-0.1,-0.01,25,12.88,1.01,0.02,-0.02,0.55,0.65,0.71,0.82
123,2004-01-02,2020-04-07,0.0,1.0,2.49,0.08,0.97,1.37,-0.19,635,0.08,0.41,-0.6,8.5,0.0,0.01,0.08,0.09,0.0,-0.01,-0.01,0.95,1.19,1.17,0.63,0.99,3.54,3.61,0.02,0.01,0.04,0.03,0.17,0.11,0.08,0.1,0.08,0.03,-0.06,0.11,-0.12,0.2,-0.1,-0.01,25,12.88,1.01,0.02,-0.02,0.55,0.65,0.71,0.82
124,2004-01-02,2020-04-07,0.0,1.0,2.49,0.08,0.97,1.37,-0.19,635,0.08,0.41,-0.6,8.5,0.0,0.01,0.08,0.09,0.0,-0.01,-0.01,0.95,1.19,1.17,0.63,0.99,3.54,3.61,0.02,0.01,0.04,0.03,0.17,0.11,0.08,0.1,0.08,0.03,-0.06,0.11,-0.12,0.2,-0.1,-0.01,25,12.87,1.01,0.02,-0.02,0.55,0.65,0.71,0.82
125,2004-01-02,2020-04-07,0.0,1.0,2.49,0.08,0.97,1.37,-0.19,635,0.08,0.41,-0.6,8.49,0.0,0.01,0.08,0.09,0.0,-0.01,-0.01,0.95,1.19,1.17,0.63,0.99,3.54,3.6,0.02,0.01,0.04,0.03,0.17,0.11,0.08,0.1,0.08,0.03,-0.06,0.11,-0.12,0.2,-0.1,-0.01,25,12.87,1.01,0.02,-0.02,0.55,0.65,0.71,0.82
126,2004-01-02,2020-04-07,0.0,1.0,2.49,0.08,0.97,1.37,-0.19,635,0.08,0.41,-0.6,8.49,0.0,0.01,0.08,0.09,0.0,-0.01,-0.01,0.95,1.19,1.17,0.63,0.99,3.54,3.61,0.02,0.01,0.04,0.03,0.17,0.11,0.08,0.1,0.08,0.03,-0.06,0.11,-0.12,0.2,-0.1,-0.01,25,12.86,1.01,0.02,-0.02,0.55,0.65,0.71,0.82
127,2004-01-02,2020-04-07,0.0,1.0,2.49,0.08,0.97,1.37,-0.19,635,0.08,0.41,-0.6,8.49,0.0,0.01,0.08,0.09,0.0,-0.01,-0.01,0.95,1.19,1.17,0.63,0.99,3.54,3.61,0.02,0.01,0.04,0.03,0.17,0.11,0.08,0.1,0.08,0.03,-0.06,0.11,-0.12,0.2,-0.1,-0.01,25,12.86,1.01,0.02,-0.02,0.55,0.65,0.71,0.82
128,2004-01-02,2020-04-07,0.0,1.0,2.49,0.08,0.97,1.37,-0.19,635,0.08,0.41,-0.6,8.49,0.0,0.01,0.08,0.09,0.0,-0.01,-0.01,0.95,1.19,1.17,0.63,0.99,3.54,3.61,0.02,0.01,0.04,0.03,0.17,0.11,0.08,0.1,0.08,0.03,-0.06,0.11,-0.12,0.2,-0.1,-0.01,25,12.85,1.01,0.02,-0.02,0.55,0.65,0.71,0.82
129,2004-01-02,2020-04-07,0.0,1.0,2.49,0.08,0.97,1.36,-0.19,635,0.08,0.41,-0.6,8.48,0.0,0.01,0.08,0.09,0.0,-0.01,-0.01,0.96,1.19,1.17,0.63,0.99,3.53,3.61,0.02,0.01,0.04,0.03,0.17,0.11,0.08,0.1,0.08,0.03,-0.06,0.11,-0.12,0.2,-0.1,-0.01,25,12.85,1.01,0.02,-0.02,0.55,0.65,0.71,0.82
130,2004-01-02,2020-04-07,0.0,1.0,2.49,0.08,0.97,1.36,-0.19,635,0.08,0.41,-0.6,8.48,0.0,0.01,0.08,0.09,0.0,-0.01,-0.01,0.96,1.19,1.17,0.63,0.99,3.53,3.61,0.02,0.01,0.04,0.03,0.17,0.11,0.08,0.1,0.08,0.03,-0.06,0.11,-0.12,0.2,-0.1,-0.01,25,12.84,1.01,0.02,-0.02,0.55,0.65,0.71,0.82
131,2004-01-02,2020-04-07,0.0,1.0,2.49,0.08,0.97,1.36,-0.19,635,0.08,0.41,-0.6,8.48,0.0,0.01,0.08,0.09,0.0,-0.01,-0.01,0.96,1.19,1.17,0.63,0.98,3.53,3.61,0.02,0.01,0.04,0.03,0.17,0.11,0.08,0.1,0.08,0.03,-0.06,0.11,-0.12,0.2,-0.1,-0.01,25,12.84,1.01,0.02,-0.02,0.55,0.65,0.71,0.82
132,2004-01-02,2020-04-07,0.0,1.0,2.49,0.08,0.97,1.36,-0.19,635,0.08,0.41,-0.6,8.48,0.0,0.01,0.08,0.09,0.0,-0.01,-0.01,0.96,1.19,1.17,0.63,0.98,3.53,3.61,0.02,0.01,0.04,0.03,0.17,0.11,0.08,0.1,0.08,0.03,-0.06,0.11,-0.12,0.2,-0.1,-0.01,25,12.83,1.01,0.02,-0.02,0.55,0.65,0.71,0.82
133,2004-01-02,2020-04-07,0.0,1.0,2.49,0.08,0.97,1.36,-0.19,635,0.08,0.41,-0.6,8.47,0.0,0.01,0.08,0.09,0.0,-0.01,-0.01,0.96,1.19,1.17,0.63,0.98,3.53,3.61,0.02,0.01,0.04,0.03,0.17,0.11,0.08,0.1,0.08,0.03,-0.06,0.11,-0.12,0.2,-0.1,-0.01,25,12.83,1.01,0.02,-0.02,0.55,0.65,0.71,0.82
134,2004-01-02,2020-04-07,0.0,1.0,2.49,0.08,0.97,1.36,-0.19,635,0.08,0.41,-0.6,8.47,0.0,0.01,0.08,0.09,0.0,-0.01,-0.01,0.96,1.19,1.17,0.63,0.98,3.53,3.61,0.02,0.01,0.04,0.03,0.17,0.11,0.08,0.1,0.08,0.03,-0.06,0.11,-0.12,0.2,-0.1,-0.01,25,12.82,1.01,0.02,-0.02,0.55,0.65,0.71,0.82
135,2004-01-02,2020-04-07,0.0,1.0,2.48,0.08,0.97,1.36,-0.19,635,0.08,0.41,-0.61,8.47,0.0,0.01,0.08,0.09,0.0,-0.01,-0.01,0.96,1.19,1.17,0.63,0.98,3.53,3.61,0.02,0.01,0.04,0.03,0.17,0.11,0.08,0.1,0.08,0.03,-0.06,0.11,-0.12,0.2,-0.1,-0.01,25,12.82,1.01,0.02,-0.02,0.55,0.65,0.71,0.82
136,2004-01-02,2020-04-07,0.0,1.0,2.48,0.08,0.97,1.36,-0.19,635,0.08,0.41,-0.61,8.47,0.0,0.01,0.08,0.09,0.0,-0.01,-0.01,0.96,1.19,1.16,0.63,0.98,3.53,3.61,0.02,0.01,0.04,0.03,0.17,0.11,0.08,0.1,0.08,0.03,-0.06,0.11,-0.12,0.2,-0.1,-0.01,25,12.81,1.01,0.02,-0.02,0.55,0.65,0.71,0.82
137,2004-01-02,2020-04-07,0.0,1.0,2.48,0.08,0.97,1.36,-0.19,635,0.08,0.41,-0.61,8.46,0.0,0.01,0.08,0.09,0.0,-0.01,-0.01,0.96,1.19,1.17,0.63,0.98,3.53,3.61,0.02,0.01,0.04,0.03,0.17,0.11,0.08,0.1,0.08,0.03,-0.06,0.11,-0.12,0.2,-0.1,-0.01,25,12.81,1.01,0.02,-0.02,0.55,0.65,0.71,0.82
138,2004-01-02,2020-04-07,0.0,1.0,2.48,0.08,0.97,1.36,-0.19,635,0.08,0.41,-0.61,8.46,0.0,0.01,0.08,0.09,0.0,-0.01,-0.01,0.96,1.19,1.17,0.63,0.98,3.52,3.61,0.02,0.01,0.04,0.03,0.17,0.11,0.08,0.1,0.08,0.03,-0.06,0.11,-0.12,0.2,-0.1,-0.01,25,12.81,1.01,0.02,-0.02,0.55,0.65,0.71,0.82
139,2004-01-02,2020-04-07,0.0,1.0,2.48,0.08,0.97,1.36,-0.19,635,0.08,0.41,-0.61,8.46,0.0,0.01,0.08,0.09,0.0,-0.01,-0.01,0.96,1.19,1.17,0.63,0.98,3.52,3.61,0.02,0.01,0.04,0.03,0.17,0.11,0.08,0.1,0.08,0.03,-0.06,0.11,-0.12,0.2,-0.1,-0.01,25,12.8,1.01,0.02,-0.02,0.55,0.65,0.71,0.82
140,2004-01-02,2020-04-07,0.0,1.0,2.48,0.08,0.97,1.36,-0.19,635,0.08,0.41,-0.61,8.46,0.0,0.01,0.08,0.09,0.0,-0.01,-0.01,0.96,1.19,1.16,0.63,0.98,3.52,3.61,0.02,0.01,0.04,0.03,0.17,0.11,0.08,0.1,0.08,0.03,-0.06,0.11,-0.12,0.2,-0.1,-0.01,25,12.8,1.01,0.02,-0.02,0.55,0.65,0.71,0.82
141,2004-01-02,2020-04-07,0.0,1.0,2.48,0.08,0.97,1.36,-0.19,635,0.08,0.41,-0.61,8.46,0.0,0.01,0.08,0.09,0.0,-0.01,-0.01,0.96,1.19,1.16,0.63,0.98,3.52,3.61,0.02,0.01,0.04,0.03,0.17,0.11,0.08,0.1,0.08,0.03,-0.06,0.11,-0.12,0.2,-0.1,-0.01,25,12.79,1.01,0.02,-0.02,0.55,0.65,0.71,0.82
142,2004-01-02,2020-04-07,0.0,1.0,2.48,0.08,0.97,1.36,-0.19,635,0.08,0.41,-0.61,8.45,0.0,0.01,0.08,0.09,0.0,-0.01,-0.01,0.96,1.19,1.17,0.63,0.98,3.51,3.61,0.02,0.01,0.04,0.03,0.17,0.11,0.08,0.1,0.08,0.03,-0.06,0.11,-0.12,0.2,-0.1,-0.01,25,12.79,1.01,0.02,-0.02,0.55,0.65,0.71,0.82
143,2004-01-02,2020-04-07,0.0,1.0,2.48,0.08,0.97,1.36,-0.19,635,0.08,0.41,-0.61,8.45,0.0,0.01,0.08,0.09,0.0,-0.01,-0.01,0.96,1.19,1.17,0.63,0.99,3.51,3.61,0.02,0.01,0.04,0.03,0.17,0.11,0.08,0.1,0.08,0.03,-0.06,0.11,-0.12,0.2,-0.1,-0.01,25,12.78,1.01,0.02,-0.02,0.55,0.65,0.71,0.82
144,2004-01-02,2020-04-07,0.0,1.0,2.48,0.08,0.96,1.36,-0.19,635,0.08,0.41,-0.61,8.45,0.0,0.01,0.08,0.09,0.0,-0.01,-0.01,0.96,1.19,1.17,0.63,0.99,3.51,3.61,0.02,0.01,0.04,0.03,0.17,0.11,0.08,0.1,0.08,0.03,-0.06,0.11,-0.12,0.2,-0.1,-0.01,25,12.78,1.01,0.02,-0.02,0.55,0.65,0.71,0.82
145,2004-01-02,2020-04-07,0.0,1.0,2.48,0.08,0.96,1.36,-0.19,635,0.08,0.41,-0.61,8.45,0.0,0.01,0.08,0.09,0.0,-0.01,-0.01,0.96,1.19,1.17,0.63,0.99,3.5,3.61,0.02,0.01,0.04,0.03,0.17,0.11,0.08,0.1,0.08,0.03,-0.06,0.11,-0.12,0.2,-0.1,-0.01,25,12.77,1.01,0.02,-0.02,0.55,0.65,0.71,0.82
146,2004-01-02,2020-04-07,0.0,1.0,2.48,0.08,0.96,1.36,-0.19,635,0.08,0.41,-0.61,8.44,0.0,0.01,0.08,0.09,0.0,-0.01,-0.01,0.96,1.19,1.17,0.63,0.99,3.5,3.61,0.02,0.01,0.04,0.03,0.17,0.11,0.08,0.1,0.08,0.03,-0.06,0.11,-0.12,0.2,-0.1,-0.01,25,12.77,1.01,0.02,-0.02,0.55,0.65,0.71,0.82
147,2004-01-02,2020-04-07,0.0,1.0,2.48,0.08,0.96,1.36,-0.19,635,0.08,0.41,-0.61,8.44,0.0,0.01,0.08,0.09,0.0,-0.01,-0.01,0.96,1.19,1.17,0.63,0.99,3.5,3.61,0.02,0.01,0.04,0.03,0.17,0.11,0.08,0.1,0.08,0.03,-0.06,0.11,-0.12,0.2,-0.1,-0.01,25,12.77,1.01,0.02,-0.02,0.55,0.65,0.71,0.82
148,2004-01-02,2020-04-07,0.0,1.0,2.48,0.08,0.96,1.36,-0.19,635,0.08,0.41,-0.61,8.44,0.0,0.01,0.08,0.09,0.0,-0.01,-0.01,0.96,1.19,1.17,0.63,0.99,3.5,3.6,0.02,0.01,0.04,0.03,0.17,0.11,0.08,0.1,0.08,0.03,-0.06,0.11,-0.12,0.2,-0.1,-0.01,25,12.76,1.01,0.02,-0.02,0.55,0.65,0.71,0.82
149,2004-01-02,2020-04-07,0.0,1.0,2.48,0.08,0.96,1.36,-0.19,635,0.08,0.41,-0.61,8.44,0.0,0.01,0.08,0.09,0.0,-0.01,-0.01,0.96,1.19,1.17,0.63,0.99,3.5,3.6,0.02,0.01,0.04,0.03,0.17,0.11,0.08,0.1,0.08,0.03,-0.06,0.11,-0.12,0.2,-0.1,-0.01,25,12.76,1.01,0.02,-0.02,0.55,0.65,0.71,0.82
150,2004-01-02,2020-04-07,0.0,1.0,2.48,0.08,0.96,1.36,-0.19,635,0.08,0.41,-0.61,8.44,0.0,0.01,0.08,0.09,0.0,-0.01,-0.01,0.96,1.18,1.17,0.63,0.99,3.5,3.6,0.02,0.01,0.04,0.03,0.17,0.11,0.08,0.1,0.08,0.03,-0.06,0.11,-0.12,0.2,-0.1,-0.01,25,12.75,1.01,0.02,-0.02,0.55,0.65,0.71,0.82
151,2004-01-02,2020-04-07,0.0,1.0,2.48,0.08,0.96,1.36,-0.19,635,0.08,0.41,-0.61,8.43,0.0,0.01,0.08,0.09,0.0,-0.01,-0.01,0.97,1.18,1.17,0.63,0.99,3.5,3.6,0.02,0.01,0.04,0.03,0.17,0.11,0.08,0.1,0.08,0.03,-0.06,0.11,-0.12,0.2,-0.1,-0.01,25,12.75,1.01,0.02,-0.02,0.55,0.66,0.71,0.82
152,2004-01-02,2020-04-07,0.0,1.0,2.48,0.08,0.96,1.36,-0.19,635,0.08,0.41,-0.61,8.43,0.0,0.01,0.08,0.09,0.0,-0.01,-0.01,0.97,1.18,1.17,0.63,0.99,3.49,3.6,0.02,0.01,0.04,0.03,0.17,0.11,0.08,0.1,0.08,0.03,-0.06,0.11,-0.12,0.2,-0.1,-0.01,25,12.75,1.01,0.02,-0.02,0.55,0.66,0.71,0.82
153,2004-01-02,2020-04-07,0.0,1.0,2.47,0.08,0.96,1.36,-0.19,635,0.08,0.41,-0.61,8.43,0.0,0.01,0.08,0.09,0.0,-0.01,-0.01,0.97,1.18,1.17,0.63,0.99,3.5,3.6,0.02,0.01,0.04,0.03,0.17,0.11,0.08,0.1,0.08,0.03,-0.06,0.11,-0.12,0.2,-0.1,-0.01,25,12.74,1.01,0.02,-0.02,0.55,0.66,0.71,0.82
154,2004-01-02,2020-04-07,0.0,1.0,2.47,0.08,0.96,1.36,-0.19,635,0.08,0.41,-0.61,8.43,0.0,0.01,0.08,0.09,0.0,-0.01,-0.01,0.97,1.18,1.17,0.63,0.99,3.49,3.6,0.02,0.01,0.04,0.03,0.17,0.11,0.08,0.1,0.08,0.03,-0.06,0.11,-0.12,0.2,-0.1,-0.01,25,12.74,1.01,0.02,-0.02,0.55,0.66,0.71,0.82
155,2004-01-02,2020-04-07,0.0,1.0,2.47,0.08,0.96,1.36,-0.19,635,0.08,0.41,-0.61,8.42,0.0,0.01,0.08,0.09,0.0,-0.01,-0.01,0.97,1.18,1.17,0.63,0.99,3.49,3.6,0.02,0.01,0.04,0.03,0.17,0.11,0.08,0.1,0.08,0.03,-0.06,0.11,-0.12,0.2,-0.1,-0.01,25,12.73,1.01,0.02,-0.02,0.55,0.66,0.71,0.82
156,2004-01-02,2020-04-07,0.0,1.0,2.47,0.08,0.96,1.36,-0.19,635,0.08,0.41,-0.61,8.42,0.0,0.01,0.08,0.09,0.0,-0.01,-0.01,0.97,1.18,1.17,0.63,0.99,3.5,3.6,0.02,0.01,0.04,0.03,0.17,0.11,0.08,0.1,0.08,0.03,-0.06,0.11,-0.12,0.2,-0.1,-0.01,25,12.73,1.01,0.02,-0.02,0.55,0.66,0.71,0.82
157,2004-01-02,2020-04-07,0.0,1.0,2.47,0.08,0.96,1.36,-0.19,635,0.08,0.41,-0.61,8.42,0.0,0.01,0.08,0.09,0.0,-0.01,-0.01,0.97,1.18,1.17,0.63,0.99,3.5,3.6,0.02,0.01,0.04,0.03,0.17,0.11,0.08,0.1,0.08,0.03,-0.06,0.11,-0.12,0.2,-0.1,-0.01,25,12.73,1.01,0.02,-0.02,0.55,0.65,0.71,0.82
158,2004-01-02,2020-04-07,0.0,1.0,2.47,0.08,0.96,1.36,-0.19,635,0.08,0.41,-0.61,8.42,0.0,0.01,0.08,0.09,0.0,-0.01,-0.01,0.96,1.18,1.17,0.63,0.99,3.5,3.59,0.02,0.01,0.04,0.03,0.17,0.11,0.08,0.1,0.08,0.03,-0.06,0.11,-0.12,0.2,-0.1,-0.01,25,12.72,1.01,0.02,-0.02,0.55,0.65,0.71,0.82
159,2004-01-02,2020-04-07,0.0,1.0,2.47,0.08,0.96,1.36,-0.19,635,0.08,0.41,-0.61,8.42,0.0,0.01,0.08,0.09,0.0,-0.01,-0.01,0.96,1.18,1.17,0.63,0.99,3.5,3.59,0.02,0.01,0.04,0.03,0.17,0.11,0.08,0.1,0.08,0.03,-0.06,0.11,-0.12,0.2,-0.1,-0.01,25,12.72,1.01,0.02,-0.02,0.55,0.65,0.71,0.82
160,2004-01-02,2020-04-07,0.0,1.0,2.47,0.08,0.96,1.36,-0.19,635,0.08,0.41,-0.61,8.41,0.0,0.01,0.08,0.09,0.0,-0.01,-0.01,0.96,1.18,1.17,0.63,0.99,3.5,3.59,0.02,0.01,0.04,0.03,0.17,0.11,0.08,0.1,0.08,0.03,-0.06,0.11,-0.12,0.2,-0.11,-0.01,25,12.72,1.01,0.02,-0.02,0.55,0.65,0.71,0.82
161,2004-01-02,2020-04-07,0.0,1.0,2.47,0.08,0.96,1.36,-0.19,635,0.08,0.41,-0.61,8.41,0.0,0.01,0.08,0.09,0.0,-0.01,-0.01,0.97,1.18,1.17,0.63,0.99,3.5,3.59,0.02,0.01,0.04,0.03,0.17,0.11,0.08,0.1,0.08,0.03,-0.06,0.11,-0.12,0.2,-0.11,-0.01,25,12.71,1.01,0.02,-0.02,0.55,0.65,0.71,0.82
162,2004-01-02,2020-04-07,0.0,1.0,2.47,0.08,0.96,1.36,-0.19,635,0.08,0.41,-0.61,8.41,0.0,0.01,0.08,0.09,0.0,-0.01,-0.01,0.97,1.18,1.17,0.63,0.99,3.5,3.59,0.02,0.01,0.04,0.03,0.17,0.11,0.08,0.1,0.08,0.03,-0.06,0.11,-0.12,0.2,-0.11,-0.01,25,12.71,1.01,0.02,-0.02,0.55,0.65,0.71,0.82
163,2004-01-02,2020-04-07,0.0,1.0,2.47,0.08,0.96,1.36,-0.19,635,0.08,0.41,-0.61,8.41,0.0,0.01,0.08,0.09,0.0,-0.01,-0.01,0.96,1.18,1.17,0.63,0.99,3.5,3.59,0.02,0.01,0.04,0.03,0.17,0.11,0.08,0.1,0.08,0.03,-0.06,0.11,-0.12,0.2,-0.11,-0.01,25,12.71,1.01,0.02,-0.02,0.55,0.65,0.71,0.82
164,2004-01-02,2020-04-07,0.0,1.0,2.47,0.08,0.96,1.36,-0.19,635,0.08,0.41,-0.61,8.41,0.0,0.01,0.08,0.09,0.0,-0.01,-0.01,0.96,1.18,1.17,0.63,0.99,3.5,3.58,0.02,0.01,0.04,0.03,0.17,0.11,0.08,0.1,0.08,0.03,-0.06,0.11,-0.12,0.2,-0.11,-0.01,25,12.7,1.01,0.02,-0.02,0.55,0.65,0.71,0.82
165,2004-01-02,2020-04-07,0.0,1.0,2.47,0.08,0.96,1.35,-0.19,636,0.08,0.41,-0.61,8.4,0.0,0.01,0.08,0.09,0.0,-0.01,-0.01,0.96,1.18,1.17,0.63,0.99,3.5,3.58,0.02,0.01,0.04,0.03,0.17,0.11,0.08,0.1,0.08,0.03,-0.06,0.11,-0.12,0.2,-0.11,-0.01,25,12.7,1.01,0.02,-0.02,0.55,0.65,0.71,0.82
166,2004-01-02,2020-04-07,0.0,1.0,2.47,0.08,0.96,1.35,-0.19,636,0.08,0.41,-0.61,8.4,0.0,0.01,0.08,0.09,0.0,-0.01,-0.01,0.96,1.18,1.17,0.63,0.99,3.5,3.59,0.02,0.01,0.04,0.03,0.17,0.11,0.08,0.1,0.08,0.03,-0.06,0.11,-0.12,0.2,-0.11,-0.01,25,12.7,1.01,0.02,-0.02,0.55,0.65,0.71,0.82
167,2004-01-02,2020-04-07,0.0,1.0,2.47,0.08,0.96,1.35,-0.19,636,0.08,0.41,-0.61,8.4,0.0,0.01,0.08,0.09,0.0,-0.01,-0.01,0.96,1.18,1.17,0.63,0.99,3.5,3.59,0.02,0.01,0.04,0.03,0.17,0.11,0.08,0.1,0.08,0.03,-0.06,0.11,-0.12,0.2,-0.11,-0.01,25,12.69,1.01,0.02,-0.02,0.55,0.65,0.71,0.82
168,2004-01-02,2020-04-07,0.0,1.0,2.47,0.08,0.96,1.35,-0.19,636,0.08,0.41,-0.61,8.4,0.0,0.01,0.08,0.09,0.0,-0.01,-0.01,0.96,1.18,1.17,0.63,0.99,3.5,3.58,0.02,0.01,0.04,0.03,0.17,0.11,0.08,0.1,0.08,0.03,-0.06,0.11,-0.12,0.2,-0.11,-0.01,25,12.69,1.01,0.02,-0.02,0.55,0.65,0.71,0.82
169,2004-01-02,2020-04-07,0.0,1.0,2.47,0.08,0.96,1.35,-0.19,636,0.08,0.41,-0.61,8.4,0.0,0.01,0.08,0.09,0.0,-0.01,-0.01,0.96,1.18,1.17,0.63,0.99,3.5,3.58,0.02,0.01,0.04,0.03,0.17,0.11,0.08,0.1,0.08,0.03,-0.06,0.11,-0.12,0.2,-0.11,-0.01,25,12.69,1.01,0.02,-0.02,0.55,0.65,0.71,0.82
170,2004-01-02,2020-04-07,0.0,1.0,2.47,0.08,0.96,1.35,-0.19,636,0.08,0.41,-0.61,8.39,0.0,0.01,0.08,0.09,0.0,-0.01,-0.01,0.96,1.18,1.17,0.63,0.99,3.5,3.59,0.02,0.01,0.04,0.03,0.17,0.11,0.08,0.1,0.08,0.03,-0.06,0.11,-0.12,0.2,-0.11,-0.01,25,12.68,1.01,0.02,-0.02,0.55,0.65,0.71,0.82
171,2004-01-02,2020-04-07,0.0,1.0,2.47,0.08,0.96,1.35,-0.19,636,0.08,0.41,-0.61,8.39,0.0,0.01,0.08,0.09,0.0,-0.01,-0.01,0.96,1.18,1.17,0.63,0.99,3.5,3.59,0.02,0.01,0.04,0.03,0.17,0.11,0.08,0.1,0.08,0.03,-0.06,0.11,-0.12,0.2,-0.11,-0.01,25,12.68,1.01,0.02,-0.02,0.55,0.65,0.71,0.82
172,2004-01-02,2020-04-07,0.0,1.0,2.47,0.08,0.96,1.35,-0.19,636,0.08,0.41,-0.61,8.39,0.0,0.01,0.08,0.09,0.0,-0.01,-0.01,0.96,1.18,1.17,0.63,0.99,3.5,3.59,0.02,0.01,0.04,0.03,0.17,0.11,0.08,0.1,0.08,0.03,-0.06,0.11,-0.12,0.2,-0.11,-0.01,25,12.68,1.01,0.02,-0.02,0.55,0.65,0.71,0.82
173,2004-01-02,2020-04-07,0.0,1.0,2.47,0.08,0.96,1.35,-0.19,636,0.08,0.41,-0.61,8.39,0.0,0.01,0.08,0.09,0.0,-0.01,-0.01,0.96,1.18,1.17,0.63,0.99,3.51,3.59,0.02,0.01,0.04,0.03,0.17,0.11,0.08,0.1,0.08,0.03,-0.06,0.11,-0.12,0.2,-0.11,-0.01,25,12.67,1.01,0.02,-0.02,0.55,0.65,0.71,0.82
174,2004-01-02,2020-04-07,0.0,1.0,2.47,0.08,0.96,1.35,-0.19,636,0.08,0.41,-0.61,8.39,0.0,0.01,0.08,0.09,0.0,-0.01,-0.01,0.96,1.18,1.17,0.63,0.99,3.51,3.59,0.02,0.01,0.04,0.03,0.17,0.11,0.08,0.1,0.08,0.03,-0.06,0.11,-0.12,0.2,-0.11,-0.01,25,12.67,1.01,0.02,-0.02,0.55,0.65,0.71,0.82
175,2004-01-02,2020-04-07,0.0,1.0,2.46,0.08,0.96,1.35,-0.19,636,0.08,0.41,-0.61,8.38,0.0,0.01,0.08,0.09,0.0,-0.01,-0.01,0.96,1.18,1.17,0.63,0.99,3.51,3.59,0.02,0.01,0.04,0.03,0.17,0.11,0.08,0.1,0.08,0.03,-0.06,0.11,-0.12,0.2,-0.11,-0.01,25,12.67,1.01,0.02,-0.02,0.55,0.65,0.71,0.82
176,2004-01-02,2020-04-07,0.0,1.0,2.46,0.08,0.96,1.35,-0.19,636,0.08,0.41,-0.61,8.38,0.0,0.01,0.08,0.09,0.0,-0.01,-0.01,0.96,1.18,1.17,0.63,0.99,3.51,3.58,0.02,0.01,0.04,0.03,0.17,0.11,0.08,0.1,0.08,0.03,-0.06,0.11,-0.12,0.2,-0.11,-0.01,25,12.67,1.01,0.02,-0.02,0.55,0.65,0.71,0.82
177,2004-01-02,2020-04-07,0.0,1.0,2.46,0.08,0.96,1.35,-0.19,636,0.08,0.41,-0.61,8.38,0.0,0.01,0.08,0.09,0.0,-0.01,-0.01,0.96,1.18,1.17,0.63,0.99,3.51,3.58,0.02,0.01,0.04,0.03,0.17,0.11,0.08,0.1,0.08,0.03,-0.06,0.11,-0.12,0.2,-0.11,-0.01,25,12.66,1.01,0.02,-0.02,0.55,0.65,0.71,0.82
178,2004-01-02,2020-04-07,0.0,1.0,2.46,0.08,0.96,1.35,-0.19,636,0.08,0.41,-0.61,8.38,0.0,0.01,0.08,0.09,0.0,-0.01,-0.01,0.96,1.18,1.17,0.63,0.99,3.52,3.58,0.02,0.01,0.04,0.03,0.17,0.11,0.08,0.1,0.08,0.03,-0.06,0.11,-0.12,0.2,-0.11,-0.01,25,12.66,1.01,0.02,-0.02,0.55,0.65,0.71,0.82
179,2004-01-02,2020-04-07,0.0,1.0,2.46,0.08,0.96,1.35,-0.19,636,0.08,0.41,-0.61,8.37,0.0,0.01,0.08,0.09,0.0,-0.01,-0.01,0.96,1.18,1.17,0.63,0.99,3.52,3.59,0.02,0.01,0.04,0.03,0.17,0.11,0.08,0.1,0.08,0.03,-0.06,0.11,-0.12,0.2,-0.11,-0.01,25,12.66,1.01,0.02,-0.02,0.55,0.65,0.71,0.82
180,2004-01-02,2020-04-07,0.0,1.0,2.46,0.08,0.96,1.35,-0.19,636,0.08,0.41,-0.61,8.37,0.0,0.01,0.08,0.09,0.0,-0.01,-0.01,0.96,1.18,1.17,0.63,0.99,3.52,3.59,0.02,0.01,0.04,0.03,0.17,0.11,0.08,0.1,0.08,0.03,-0.06,0.11,-0.12,0.2,-0.11,-0.01,25,12.65,1.01,0.02,-0.02,0.55,0.65,0.71,0.82
181,2004-01-02,2020-04-07,0.0,1.0,2.46,0.08,0.96,1.35,-0.19,636,0.08,0.41,-0.61,8.37,0.0,0.01,0.08,0.09,0.0,-0.01,-0.01,0.96,1.18,1.17,0.63,0.99,3.52,3.58,0.02,0.01,0.04,0.03,0.17,0.11,0.08,0.1,0.08,0.03,-0.06,0.11,-0.12,0.2,-0.11,-0.01,25,12.65,1.01,0.02,-0.02,0.55,0.65,0.71,0.82
182,2004-01-02,2020-04-07,0.0,1.0,2.46,0.08,0.96,1.35,-0.19,636,0.08,0.41,-0.61,8.37,0.0,0.01,0.08,0.09,0.0,-0.01,-0.01,0.96,1.18,1.17,0.63,0.99,3.52,3.58,0.02,0.01,0.04,0.03,0.17,0.11,0.08,0.1,0.08,0.03,-0.06,0.11,-0.12,0.2,-0.11,-0.01,25,12.65,1.01,0.02,-0.02,0.55,0.65,0.71,0.82
183,2004-01-02,2020-04-07,0.0,1.0,2.46,0.08,0.96,1.35,-0.19,636,0.08,0.41,-0.61,8.37,0.0,0.01,0.08,0.09,0.0,-0.01,-0.01,0.96,1.18,1.17,0.63,0.99,3.52,3.58,0.02,0.01,0.04,0.03,0.17,0.11,0.08,0.1,0.08,0.03,-0.06,0.11,-0.12,0.2,-0.11,-0.01,25,12.65,1.01,0.02,-0.02,0.55,0.65,0.71,0.82
184,2004-01-02,2020-04-07,0.0,1.0,2.46,0.08,0.96,1.35,-0.19,636,0.08,0.41,-0.61,8.36,0.0,0.01,0.08,0.09,0.0,-0.01,-0.01,0.96,1.18,1.17,0.63,0.99,3.52,3.58,0.02,0.01,0.04,0.03,0.17,0.11,0.08,0.1,0.08,0.03,-0.06,0.11,-0.12,0.2,-0.11,-0.01,25,12.64,1.01,0.02,-0.02,0.55,0.65,0.71,0.82
185,2004-01-02,2020-04-07,0.0,1.0,2.46,0.08,0.96,1.35,-0.19,636,0.08,0.41,-0.61,8.36,0.0,0.01,0.08,0.09,0.0,-0.01,-0.01,0.96,1.18,1.17,0.63,0.99,3.52,3.59,0.02,0.01,0.04,0.03,0.17,0.11,0.08,0.1,0.08,0.03,-0.06,0.11,-0.12,0.2,-0.11,-0.01,25,12.64,1.01,0.02,-0.02,0.55,0.65,0.71,0.82
186,2004-01-02,2020-04-07,0.0,1.0,2.46,0.08,0.96,1.35,-0.19,636,0.08,0.41,-0.61,8.36,0.0,0.01,0.08,0.09,0.0,-0.01,-0.01,0.96,1.18,1.17,0.63,0.99,3.52,3.59,0.02,0.01,0.04,0.03,0.17,0.11,0.08,0.1,0.08,0.03,-0.06,0.11,-0.12,0.2,-0.11,-0.01,25,12.64,1.01,0.02,-0.02,0.55,0.65,0.71,0.82
187,2004-01-02,2020-04-07,0.0,1.0,2.46,0.08,0.96,1.35,-0.19,636,0.08,0.41,-0.61,8.36,0.0,0.01,0.08,0.09,0.0,-0.01,-0.01,0.96,1.18,1.17,0.63,0.99,3.52,3.59,0.02,0.01,0.04,0.03,0.17,0.11,0.08,0.1,0.08,0.03,-0.06,0.11,-0.12,0.2,-0.11,-0.01,25,12.64,1.01,0.02,-0.02,0.55,0.65,0.71,0.82
188,2004-01-02,2020-04-07,0.0,1.0,2.46,0.08,0.96,1.35,-0.19,636,0.08,0.41,-0.61,8.36,0.0,0.01,0.08,0.09,0.0,-0.01,-0.01,0.96,1.18,1.17,0.63,0.99,3.52,3.59,0.02,0.01,0.04,0.03,0.17,0.11,0.08,0.1,0.08,0.03,-0.06,0.11,-0.12,0.2,-0.11,-0.01,25,12.63,1.01,0.02,-0.02,0.55,0.65,0.71,0.82
189,2004-01-02,2020-04-07,0.0,1.0,2.46,0.08,0.96,1.35,-0.19,636,0.08,0.41,-0.61,8.35,0.0,0.01,0.08,0.09,0.0,-0.01,-0.01,0.96,1.18,1.17,0.63,0.99,3.52,3.59,0.02,0.01,0.04,0.03,0.17,0.11,0.08,0.1,0.08,0.03,-0.06,0.11,-0.12,0.2,-0.11,-0.01,25,12.63,1.01,0.02,-0.02,0.55,0.65,0.71,0.82
190,2004-01-02,2020-04-07,0.0,1.0,2.46,0.08,0.96,1.35,-0.19,636,0.08,0.41,-0.61,8.35,0.0,0.01,0.08,0.09,0.0,-0.01,-0.01,0.96,1.18,1.17,0.63,0.99,3.52,3.59,0.02,0.01,0.04,0.03,0.17,0.11,0.08,0.1,0.08,0.03,-0.06,0.11,-0.12,0.2,-0.11,-0.01,25,12.63,1.01,0.02,-0.02,0.55,0.65,0.71,0.82
191,2004-01-02,2020-04-07,0.0,1.0,2.46,0.08,0.96,1.35,-0.19,636,0.08,0.41,-0.61,8.35,0.0,0.01,0.08,0.09,0.0,-0.01,-0.01,0.96,1.18,1.17,0.63,0.99,3.51,3.59,0.02,0.01,0.04,0.03,0.17,0.11,0.08,0.1,0.08,0.03,-0.06,0.11,-0.12,0.2,-0.11,-0.01,25,12.63,1.01,0.02,-0.02,0.55,0.65,0.71,0.82
192,2004-01-02,2020-04-07,0.0,1.0,2.46,0.08,0.96,1.35,-0.19,636,0.08,0.41,-0.61,8.35,0.0,0.01,0.08,0.09,0.0,-0.01,-0.01,0.96,1.18,1.17,0.63,0.99,3.51,3.59,0.02,0.01,0.04,0.03,0.17,0.11,0.08,0.1,0.08,0.03,-0.06,0.11,-0.12,0.2,-0.11,-0.01,25,12.62,1.01,0.02,-0.02,0.55,0.65,0.71,0.82
193,2004-01-02,2020-04-07,0.0,1.0,2.46,0.08,0.96,1.35,-0.19,636,0.08,0.41,-0.61,8.35,0.0,0.01,0.08,0.09,0.0,-0.01,-0.01,0.96,1.18,1.17,0.63,0.99,3.51,3.59,0.02,0.01,0.04,0.03,0.17,0.11,0.08,0.1,0.08,0.03,-0.06,0.11,-0.12,0.2,-0.11,-0.01,25,12.62,1.01,0.02,-0.02,0.55,0.65,0.71,0.82
194,2004-01-02,2020-04-07,0.0,1.0,2.46,0.08,0.96,1.35,-0.19,636,0.08,0.41,-0.61,8.34,0.0,0.01,0.08,0.09,0.0,-0.01,-0.01,0.96,1.18,1.17,0.63,0.99,3.51,3.58,0.02,0.01,0.04,0.03,0.17,0.11,0.08,0.1,0.08,0.03,-0.06,0.11,-0.12,0.2,-0.11,-0.01,25,12.62,1.01,0.02,-0.02,0.55,0.65,0.71,0.82
195,2004-01-02,2020-04-07,0.0,1.0,2.46,0.08,0.96,1.35,-0.19,636,0.08,0.41,-0.61,8.34,0.0,0.01,0.08,0.09,0.0,-0.01,-0.01,0.95,1.18,1.17,0.63,0.99,3.52,3.58,0.02,0.01,0.04,0.03,0.17,0.11,0.08,0.1,0.08,0.03,-0.06,0.11,-0.12,0.2,-0.11,-0.01,25,12.62,1.01,0.02,-0.02,0.55,0.65,0.71,0.82
196,2004-01-02,2020-04-07,0.0,1.0,2.46,0.08,0.96,1.35,-0.19,636,0.08,0.41,-0.61,8.34,0.0,0.01,0.08,0.09,0.0,-0.01,-0.01,0.95,1.18,1.17,0.63,0.99,3.52,3.58,0.02,0.01,0.04,0.03,0.17,0.11,0.08,0.1,0.08,0.03,-0.06,0.11,-0.12,0.2,-0.11,-0.01,25,12.62,1.01,0.02,-0.02,0.55,0.65,0.71,0.82
197,2004-01-02,2020-04-07,0.0,1.0,2.46,0.08,0.96,1.35,-0.19,636,0.08,0.41,-0.61,8.34,0.0,0.01,0.08,0.09,0.0,-0.01,-0.01,0.95,1.18,1.17,0.63,0.99,3.51,3.58,0.02,0.01,0.04,0.03,0.17,0.11,0.08,0.1,0.08,0.03,-0.06,0.11,-0.12,0.2,-0.11,-0.01,25,12.61,1.01,0.02,-0.02,0.55,0.65,0.71,0.82
198,2004-01-02,2020-04-07,0.0,1.0,2.46,0.08,0.96,1.35,-0.19,636,0.08,0.41,-0.61,8.34,0.0,0.01,0.08,0.09,0.0,-0.01,-0.01,0.95,1.18,1.17,0.63,0.99,3.51,3.58,0.02,0.01,0.04,0.03,0.17,0.11,0.08,0.1,0.08,0.03,-0.06,0.11,-0.12,0.2,-0.11,-0.01,25,12.61,1.01,0.02,-0.02,0.55,0.65,0.71,0.82
199,2004-01-02,2020-04-07,0.0,1.0,2.46,0.08,0.96,1.35,-0.19,636,0.08,0.41,-0.61,8.33,0.0,0.01,0.08,0.09,0.0,-0.01,-0.01,0.95,1.18,1.17,0.63,0.99,3.51,3.58,0.02,0.01,0.04,0.03,0.17,0.11,0.08,0.1,0.08,0.03,-0.06,0.11,-0.12,0.2,-0.11,-0.01,25,12.61,1.01,0.02,-0.02,0.55,0.65,0.71,0.82
200,2004-01-02,2020-04-07,0.0,1.0,2.46,0.08,0.96,1.35,-0.19,636,0.08,0.41,-0.61,8.33,0.0,0.01,0.08,0.09,0.0,-0.01,-0.01,0.95,1.18,1.17,0.63,0.99,3.51,3.58,0.02,0.01,0.04,0.03,0.17,0.11,0.08,0.1,0.08,0.03,-0.06,0.11,-0.12,0.2,-0.11,-0.01,25,12.61,1.01,0.02,-0.02,0.55,0.65,0.71,0.82
201,2004-01-02,2020-04-07,0.0,1.0,2.46,0.08,0.96,1.35,-0.19,636,0.08,0.41,-0.61,8.33,0.0,0.01,0.08,0.09,0.0,-0.01,-0.01,0.95,1.18,1.17,0.63,0.99,3.51,3.58,0.02,0.01,0.04,0.03,0.17,0.11,0.08,0.1,0.08,0.03,-0.06,0.11,-0.12,0.2,-0.11,-0.01,25,12.6,1.01,0.02,-0.02,0.55,0.65,0.71,0.82
202,2004-01-02,2020-04-07,0.0,1.0,2.45,0.08,0.96,1.35,-0.19,636,0.08,0.41,-0.61,8.33,0.0,0.01,0.08,0.09,0.0,-0.01,-0.01,0.95,1.18,1.17,0.63,0.99,3.51,3.58,0.02,0.01,0.04,0.03,0.17,0.11,0.08,0.1,0.08,0.03,-0.06,0.11,-0.12,0.2,-0.11,-0.01,25,12.6,1.01,0.02,-0.02,0.55,0.65,0.71,0.82
203,2004-01-02,2020-04-07,0.0,1.0,2.45,0.08,0.96,1.35,-0.19,636,0.08,0.41,-0.61,8.33,0.0,0.01,0.08,0.09,0.0,-0.01,-0.01,0.95,1.18,1.17,0.63,0.99,3.51,3.58,0.02,0.01,0.04,0.03,0.17,0.11,0.08,0.1,0.08,0.03,-0.06,0.11,-0.12,0.2,-0.11,-0.01,25,12.6,1.01,0.02,-0.02,0.55,0.65,0.71,0.82
204,2004-01-02,2020-04-07,0.0,1.0,2.45,0.08,0.96,1.35,-0.19,636,0.08,0.41,-0.61,8.32,0.0,0.01,0.08,0.09,0.0,-0.01,-0.01,0.96,1.18,1.17,0.63,0.99,3.51,3.59,0.02,0.01,0.04,0.03,0.17,0.11,0.08,0.1,0.08,0.03,-0.06,0.11,-0.12,0.2,-0.11,-0.01,25,12.6,1.01,0.02,-0.02,0.55,0.65,0.71,0.82
205,2004-01-02,2020-04-07,0.0,1.0,2.45,0.08,0.96,1.35,-0.19,636,0.08,0.41,-0.61,8.32,0.0,0.01,0.08,0.09,0.0,-0.01,-0.01,0.96,1.18,1.17,0.63,0.99,3.51,3.59,0.02,0.01,0.04,0.03,0.17,0.11,0.08,0.1,0.08,0.03,-0.06,0.11,-0.12,0.2,-0.11,-0.01,25,12.6,1.01,0.02,-0.02,0.55,0.65,0.71,0.82
206,2004-01-02,2020-04-07,0.0,1.0,2.45,0.08,0.96,1.35,-0.19,636,0.08,0.41,-0.61,8.32,0.0,0.01,0.08,0.09,0.0,-0.01,-0.01,0.96,1.18,1.17,0.63,0.99,3.51,3.59,0.02,0.01,0.04,0.03,0.17,0.11,0.08,0.1,0.08,0.03,-0.06,0.11,-0.12,0.2,-0.11,-0.01,25,12.59,1.01,0.02,-0.02,0.55,0.65,0.71,0.82
207,2004-01-02,2020-04-07,0.0,1.0,2.45,0.08,0.96,1.35,-0.19,636,0.08,0.41,-0.61,8.32,0.0,0.01,0.08,0.09,0.0,-0.01,-0.01,0.96,1.18,1.17,0.63,0.99,3.51,3.59,0.02,0.01,0.04,0.03,0.17,0.11,0.08,0.1,0.08,0.03,-0.06,0.11,-0.12,0.2,-0.11,-0.01,25,12.59,1.01,0.02,-0.02,0.55,0.65,0.71,0.82
208,2004-01-02,2020-04-07,0.0,1.0,2.45,0.08,0.96,1.35,-0.19,636,0.08,0.41,-0.61,8.32,0.0,0.01,0.08,0.09,0.0,-0.01,-0.01,0.96,1.18,1.17,0.63,0.99,3.51,3.59,0.02,0.01,0.04,0.03,0.17,0.11,0.08,0.1,0.08,0.03,-0.06,0.11,-0.12,0.2,-0.11,-0.01,25,12.59,1.01,0.02,-0.02,0.55,0.65,0.71,0.82
209,2004-01-02,2020-04-07,0.0,1.0,2.45,0.08,0.96,1.35,-0.19,636,0.08,0.41,-0.61,8.31,0.0,0.01,0.08,0.09,0.0,-0.01,-0.01,0.96,1.18,1.17,0.63,0.99,3.51,3.59,0.02,0.02,0.04,0.03,0.17,0.11,0.08,0.1,0.08,0.03,-0.06,0.11,-0.12,0.2,-0.11,-0.01,25,12.59,1.01,0.02,-0.02,0.55,0.65,0.71,0.82
210,2004-01-02,2020-04-07,0.0,1.0,2.45,0.08,0.96,1.35,-0.19,636,0.08,0.41,-0.61,8.31,0.0,0.01,0.08,0.09,0.0,-0.01,-0.01,0.95,1.18,1.17,0.63,0.99,3.51,3.59,0.02,0.02,0.04,0.03,0.17,0.11,0.08,0.1,0.08,0.03,-0.06,0.11,-0.12,0.2,-0.11,-0.01,25,12.59,1.01,0.02,-0.02,0.55,0.65,0.71,0.82
211,2004-01-02,2020-04-07,0.0,1.0,2.45,0.08,0.96,1.35,-0.19,636,0.08,0.41,-0.61,8.31,0.0,0.01,0.08,0.09,0.0,-0.01,-0.01,0.96,1.18,1.17,0.63,0.99,3.51,3.59,0.02,0.02,0.04,0.03,0.17,0.11,0.08,0.1,0.08,0.03,-0.06,0.11,-0.12,0.2,-0.11,-0.01,25,12.59,1.01,0.02,-0.02,0.55,0.65,0.71,0.82
212,2004-01-02,2020-04-07,0.0,1.0,2.45,0.08,0.96,1.35,-0.19,636,0.08,0.41,-0.61,8.31,0.0,0.01,0.08,0.09,0.0,-0.01,-0.01,0.95,1.18,1.17,0.62,0.99,3.51,3.58,0.02,0.02,0.04,0.03,0.17,0.11,0.08,0.1,0.08,0.03,-0.06,0.11,-0.12,0.2,-0.11,-0.01,25,12.58,1.01,0.02,-0.02,0.55,0.65,0.71,0.82
213,2004-01-02,2020-04-07,0.0,1.0,2.45,0.08,0.96,1.35,-0.19,636,0.08,0.41,-0.61,8.31,0.0,0.01,0.08,0.09,0.0,-0.01,-0.01,0.95,1.18,1.17,0.62,0.99,3.51,3.58,0.02,0.02,0.04,0.03,0.17,0.11,0.08,0.1,0.08,0.03,-0.06,0.11,-0.12,0.2,-0.11,-0.01,25,12.58,1.01,0.02,-0.02,0.55,0.65,0.71,0.82
214,2004-01-02,2020-04-07,0.0,1.0,2.45,0.08,0.96,1.35,-0.19,636,0.08,0.41,-0.61,8.3,0.0,0.01,0.08,0.09,0.0,-0.01,-0.01,0.95,1.18,1.17,0.62,0.99,3.51,3.58,0.02,0.02,0.04,0.03,0.17,0.11,0.08,0.1,0.08,0.03,-0.06,0.11,-0.12,0.2,-0.11,-0.01,25,12.58,1.01,0.02,-0.02,0.55,0.65,0.71,0.82
215,2004-01-02,2020-04-07,0.0,1.0,2.45,0.08,0.95,1.35,-0.19,636,0.08,0.41,-0.61,8.3,0.0,0.01,0.08,0.09,0.0,-0.01,-0.01,0.95,1.18,1.17,0.62,0.99,3.51,3.58,0.02,0.02,0.04,0.03,0.17,0.11,0.08,0.1,0.08,0.03,-0.06,0.11,-0.12,0.2,-0.11,-0.01,25,12.58,1.01,0.02,-0.02,0.55,0.65,0.71,0.82
216,2004-01-02,2020-04-07,0.0,1.0,2.45,0.08,0.95,1.35,-0.19,636,0.08,0.41,-0.61,8.3,0.0,0.01,0.08,0.09,0.0,-0.01,-0.01,0.95,1.18,1.17,0.62,0.99,3.51,3.58,0.02,0.02,0.04,0.03,0.17,0.11,0.08,0.1,0.08,0.03,-0.06,0.11,-0.12,0.2,-0.11,-0.01,25,12.58,1.01,0.02,-0.02,0.55,0.65,0.71,0.82
217,2004-01-02,2020-04-07,0.0,1.0,2.45,0.08,0.95,1.34,-0.19,636,0.08,0.41,-0.61,8.3,0.0,0.01,0.08,0.09,0.0,-0.01,-0.01,0.95,1.18,1.18,0.62,0.99,3.51,3.58,0.02,0.02,0.04,0.03,0.17,0.11,0.08,0.1,0.08,0.03,-0.06,0.11,-0.12,0.2,-0.11,-0.01,25,12.58,1.01,0.02,-0.02,0.55,0.65,0.71,0.82
218,2004-01-02,2020-04-07,0.0,1.0,2.45,0.08,0.95,1.34,-0.19,636,0.08,0.41,-0.61,8.3,0.0,0.01,0.08,0.09,0.0,-0.01,-0.01,0.95,1.18,1.18,0.62,0.99,3.51,3.58,0.02,0.02,0.04,0.03,0.17,0.11,0.08,0.1,0.08,0.03,-0.06,0.11,-0.12,0.2,-0.11,-0.01,25,12.57,1.01,0.02,-0.02,0.55,0.65,0.71,0.82
219,2004-01-02,2020-04-07,0.0,1.0,2.45,0.08,0.95,1.34,-0.19,636,0.08,0.41,-0.61,8.29,0.0,0.01,0.08,0.09,0.0,-0.01,-0.01,0.95,1.18,1.18,0.62,0.99,3.51,3.58,0.02,0.02,0.04,0.03,0.17,0.11,0.08,0.1,0.08,0.03,-0.06,0.11,-0.12,0.2,-0.11,-0.01,25,12.57,1.01,0.02,-0.02,0.55,0.65,0.71,0.82
220,2004-01-02,2020-04-07,0.0,1.0,2.45,0.08,0.95,1.34,-0.19,636,0.08,0.41,-0.61,8.29,0.0,0.01,0.08,0.09,0.0,-0.01,-0.01,0.95,1.18,1.18,0.62,0.99,3.51,3.58,0.02,0.02,0.04,0.03,0.17,0.11,0.08,0.1,0.08,0.03,-0.06,0.11,-0.12,0.2,-0.11,-0.01,25,12.57,1.01,0.02,-0.02,0.55,0.65,0.71,0.82
221,2004-01-02,2020-04-07,0.0,1.0,2.45,0.08,0.95,1.34,-0.19,636,0.08,0.41,-0.61,8.29,0.0,0.01,0.08,0.09,0.0,-0.01,-0.01,0.95,1.18,1.17,0.62,0.99,3.51,3.58,0.02,0.02,0.04,0.03,0.17,0.11,0.08,0.1,0.08,0.03,-0.06,0.11,-0.12,0.2,-0.11,-0.01,25,12.57,1.01,0.02,-0.02,0.55,0.65,0.71,0.82
222,2004-01-02,2020-04-07,0.0,1.0,2.45,0.08,0.95,1.34,-0.19,636,0.08,0.41,-0.61,8.29,0.0,0.01,0.08,0.09,0.0,-0.01,-0.01,0.95,1.18,1.17,0.62,0.99,3.51,3.58,0.02,0.02,0.04,0.03,0.17,0.11,0.08,0.1,0.08,0.03,-0.06,0.11,-0.12,0.2,-0.11,-0.01,25,12.57,1.01,0.02,-0.02,0.55,0.65,0.71,0.82
223,2004-01-02,2020-04-07,0.0,1.0,2.45,0.08,0.95,1.34,-0.19,636,0.08,0.41,-0.61,8.29,0.0,0.01,0.08,0.09,0.0,-0.01,-0.01,0.95,1.18,1.17,0.62,0.99,3.51,3.58,0.02,0.02,0.04,0.03,0.17,0.11,0.08,0.1,0.08,0.03,-0.06,0.1,-0.12,0.2,-0.11,-0.01,25,12.57,1.01,0.02,-0.02,0.55,0.65,0.71,0.82
224,2004-01-02,2020-04-07,0.0,1.0,2.45,0.08,0.95,1.34,-0.19,636,0.08,0.41,-0.61,8.28,0.0,0.01,0.08,0.09,0.0,-0.01,-0.01,0.95,1.18,1.17,0.62,0.99,3.51,3.58,0.02,0.02,0.04,0.03,0.17,0.11,0.08,0.1,0.08,0.03,-0.06,0.1,-0.12,0.2,-0.11,-0.01,25,12.56,1.01,0.02,-0.02,0.55,0.65,0.71,0.82
225,2004-01-02,2020-04-07,0.0,1.0,2.45,0.08,0.95,1.34,-0.19,636,0.08,0.41,-0.61,8.28,0.0,0.01,0.08,0.09,0.0,-0.01,-0.01,0.95,1.18,1.17,0.62,0.99,3.51,3.58,0.02,0.02,0.04,0.03,0.17,0.11,0.08,0.1,0.08,0.03,-0.06,0.1,-0.12,0.2,-0.11,-0.01,25,12.56,1.01,0.02,-0.02,0.55,0.65,0.71,0.82
226,2004-01-02,2020-04-07,0.0,1.0,2.45,0.08,0.95,1.34,-0.19,636,0.08,0.41,-0.61,8.28,0.0,0.01,0.08,0.09,0.0,-0.01,-0.01,0.95,1.18,1.17,0.62,0.99,3.51,3.58,0.02,0.02,0.04,0.03,0.17,0.11,0.08,0.1,0.08,0.03,-0.06,0.1,-0.12,0.2,-0.11,-0.01,25,12.56,1.01,0.02,-0.02,0.55,0.65,0.71,0.82
227,2004-01-02,2020-04-07,0.0,1.0,2.45,0.08,0.95,1.34,-0.19,636,0.08,0.41,-0.61,8.28,0.0,0.01,0.08,0.09,0.0,-0.01,-0.01,0.95,1.18,1.17,0.62,0.99,3.51,3.58,0.02,0.02,0.04,0.03,0.17,0.11,0.08,0.1,0.08,0.03,-0.06,0.1,-0.12,0.2,-0.11,-0.01,25,12.56,1.01,0.02,-0.02,0.55,0.65,0.71,0.82
228,2004-01-02,2020-04-07,0.0,1.0,2.45,0.08,0.95,1.34,-0.19,636,0.08,0.41,-0.61,8.28,0.0,0.01,0.08,0.09,0.0,-0.01,-0.01,0.95,1.18,1.17,0.62,0.99,3.51,3.58,0.02,0.02,0.04,0.03,0.17,0.11,0.08,0.1,0.08,0.03,-0.06,0.1,-0.12,0.2,-0.11,-0.01,25,12.56,1.01,0.02,-0.02,0.55,0.65,0.71,0.82
229,2004-01-02,2020-04-07,0.0,1.0,2.45,0.08,0.95,1.34,-0.19,636,0.08,0.41,-0.61,8.27,0.0,0.01,0.08,0.09,0.0,-0.01,-0.01,0.96,1.18,1.17,0.62,0.99,3.5,3.58,0.02,0.02,0.04,0.03,0.17,0.11,0.08,0.1,0.08,0.03,-0.06,0.1,-0.12,0.2,-0.11,-0.01,25,12.56,1.01,0.02,-0.02,0.55,0.65,0.71,0.82
230,2004-01-02,2020-04-07,0.0,1.0,2.45,0.08,0.95,1.34,-0.19,636,0.08,0.41,-0.61,8.27,0.0,0.01,0.08,0.09,0.0,-0.01,-0.01,0.96,1.18,1.17,0.62,0.99,3.5,3.58,0.02,0.02,0.04,0.03,0.17,0.11,0.08,0.1,0.08,0.03,-0.06,0.1,-0.12,0.2,-0.11,-0.01,25,12.56,1.01,0.02,-0.02,0.55,0.65,0.71,0.82
231,2004-01-02,2020-04-07,0.0,1.0,2.45,0.08,0.95,1.34,-0.19,636,0.08,0.41,-0.61,8.27,0.0,0.01,0.08,0.09,0.0,-0.01,-0.01,0.96,1.18,1.18,0.63,0.99,3.5,3.59,0.02,0.02,0.04,0.03,0.17,0.11,0.08,0.1,0.08,0.03,-0.06,0.1,-0.12,0.2,-0.11,-0.01,25,12.55,1.01,0.02,-0.02,0.55,0.65,0.71,0.82
232,2004-01-02,2020-04-07,0.0,1.0,2.45,0.08,0.95,1.34,-0.19,636,0.08,0.41,-0.61,8.27,0.0,0.01,0.08,0.09,0.0,-0.01,-0.01,0.96,1.18,1.18,0.63,1.0,3.5,3.59,0.02,0.02,0.04,0.03,0.17,0.11,0.08,0.1,0.08,0.03,-0.06,0.1,-0.12,0.2,-0.11,-0.01,25,12.55,1.01,0.02,-0.02,0.55,0.65,0.71,0.82
233,2004-01-02,2020-04-07,0.0,1.0,2.45,0.08,0.95,1.34,-0.19,636,0.08,0.41,-0.61,8.27,0.0,0.01,0.08,0.09,0.0,-0.01,-0.01,0.96,1.18,1.18,0.63,1.0,3.5,3.59,0.02,0.02,0.04,0.03,0.17,0.11,0.08,0.1,0.08,0.03,-0.06,0.1,-0.12,0.2,-0.11,-0.01,25,12.55,1.01,0.02,-0.02,0.55,0.65,0.71,0.82
234,2004-01-02,2020-04-07,0.0,1.0,2.45,0.08,0.95,1.34,-0.19,636,0.08,0.41,-0.61,8.26,0.0,0.01,0.08,0.09,0.0,-0.01,-0.01,0.96,1.18,1.18,0.63,1.0,3.5,3.59,0.02,0.02,0.04,0.03,0.17,0.11,0.08,0.1,0.08,0.03,-0.06,0.1,-0.12,0.2,-0.11,-0.01,25,12.55,1.01,0.02,-0.02,0.55,0.65,0.71,0.82
235,2004-01-02,2020-04-07,0.0,1.0,2.45,0.08,0.95,1.34,-0.19,636,0.08,0.41,-0.61,8.26,0.0,0.01,0.08,0.09,0.0,-0.01,-0.01,0.96,1.18,1.18,0.63,1.0,3.5,3.59,0.02,0.02,0.04,0.03,0.17,0.11,0.08,0.1,0.08,0.03,-0.06,0.1,-0.12,0.2,-0.11,-0.01,25,12.55,1.01,0.02,-0.02,0.55,0.65,0.71,0.82
236,2004-01-02,2020-04-07,0.0,1.0,2.45,0.08,0.95,1.34,-0.19,636,0.08,0.41,-0.61,8.26,0.0,0.01,0.08,0.09,0.0,-0.01,-0.01,0.96,1.18,1.18,0.63,1.0,3.5,3.59,0.02,0.02,0.04,0.03,0.17,0.11,0.08,0.1,0.08,0.03,-0.06,0.1,-0.12,0.2,-0.11,-0.01,25,12.55,1.01,0.02,-0.02,0.55,0.65,0.71,0.82
237,2004-01-02,2020-04-07,0.0,1.0,2.45,0.08,0.95,1.34,-0.19,636,0.08,0.41,-0.61,8.26,0.0,0.01,0.08,0.09,0.0,-0.01,-0.01,0.96,1.18,1.18,0.63,1.0,3.5,3.59,0.02,0.02,0.04,0.03,0.17,0.11,0.08,0.1,0.08,0.03,-0.06,0.1,-0.12,0.2,-0.11,-0.01,25,12.55,1.01,0.02,-0.02,0.55,0.65,0.71,0.82
238,2004-01-02,2020-04-07,0.0,1.0,2.45,0.08,0.95,1.34,-0.19,636,0.08,0.41,-0.61,8.26,0.0,0.01,0.08,0.09,0.0,-0.01,-0.01,0.96,1.18,1.18,0.63,1.0,3.5,3.59,0.02,0.02,0.04,0.03,0.17,0.11,0.08,0.1,0.08,0.03,-0.06,0.1,-0.12,0.2,-0.11,-0.01,25,12.55,1.01,0.02,-0.02,0.55,0.65,0.71,0.82
239,2004-01-02,2020-04-07,0.0,1.0,2.45,0.08,0.95,1.34,-0.19,636,0.08,0.41,-0.61,8.25,0.0,0.01,0.08,0.09,0.0,-0.01,-0.01,0.96,1.18,1.18,0.63,1.0,3.5,3.59,0.02,0.02,0.04,0.03,0.17,0.11,0.08,0.1,0.08,0.03,-0.06,0.1,-0.12,0.2,-0.11,-0.01,25,12.54,1.01,0.02,-0.02,0.55,0.65,0.71,0.82
240,2004-01-02,2020-04-07,0.0,1.0,2.45,0.08,0.95,1.34,-0.19,636,0.08,0.41,-0.61,8.25,0.0,0.01,0.08,0.09,0.0,-0.01,-0.01,0.96,1.18,1.18,0.63,1.0,3.5,3.59,0.02,0.02,0.04,0.03,0.17,0.11,0.08,0.1,0.08,0.03,-0.06,0.1,-0.12,0.2,-0.11,-0.01,25,12.54,1.01,0.02,-0.02,0.55,0.65,0.71,0.82
241,2004-01-02,2020-04-07,0.0,1.0,2.44,0.08,0.95,1.34,-0.19,636,0.08,0.41,-0.61,8.25,0.0,0.01,0.08,0.09,0.0,-0.01,-0.01,0.96,1.18,1.18,0.63,1.0,3.5,3.59,0.02,0.02,0.04,0.03,0.17,0.11,0.08,0.1,0.08,0.03,-0.06,0.1,-0.12,0.2,-0.11,-0.01,25,12.54,1.01,0.02,-0.02,0.55,0.65,0.71,0.82
242,2004-01-02,2020-04-07,0.0,1.0,2.44,0.08,0.95,1.34,-0.19,636,0.08,0.41,-0.61,8.25,0.0,0.01,0.08,0.09,0.0,-0.01,-0.01,0.96,1.18,1.18,0.63,1.0,3.5,3.59,0.02,0.02,0.04,0.03,0.17,0.11,0.08,0.1,0.08,0.03,-0.06,0.1,-0.12,0.2,-0.11,-0.01,25,12.54,1.01,0.02,-0.02,0.55,0.65,0.71,0.82
243,2004-01-02,2020-04-07,0.0,1.0,2.44,0.08,0.95,1.34,-0.19,636,0.08,0.41,-0.61,8.25,0.0,0.01,0.08,0.09,0.0,-0.01,-0.01,0.96,1.18,1.18,0.63,1.0,3.5,3.59,0.02,0.02,0.04,0.03,0.17,0.11,0.08,0.1,0.08,0.03,-0.06,0.1,-0.12,0.2,-0.11,-0.01,25,12.54,1.01,0.02,-0.02,0.55,0.65,0.71,0.82
244,2004-01-02,2020-04-07,0.0,1.0,2.44,0.08,0.95,1.34,-0.19,636,0.08,0.41,-0.61,8.24,0.0,0.01,0.08,0.09,0.0,-0.01,-0.01,0.96,1.18,1.18,0.63,1.0,3.5,3.59,0.02,0.02,0.04,0.03,0.17,0.11,0.08,0.1,0.08,0.03,-0.06,0.1,-0.12,0.2,-0.11,-0.01,25,12.54,1.01,0.02,-0.02,0.55,0.65,0.71,0.82
245,2004-01-02,2020-04-07,0.0,1.0,2.44,0.08,0.95,1.34,-0.19,636,0.08,0.41,-0.61,8.24,0.0,0.01,0.08,0.09,0.0,-0.01,-0.01,0.96,1.18,1.18,0.63,1.0,3.5,3.59,0.02,0.02,0.04,0.03,0.17,0.11,0.08,0.1,0.08,0.03,-0.06,0.1,-0.12,0.2,-0.11,-0.01,25,12.54,1.01,0.02,-0.02,0.55,0.65,0.71,0.82
246,2004-01-02,2020-04-07,0.0,1.0,2.44,0.08,0.95,1.34,-0.19,636,0.08,0.4,-0.61,8.24,0.0,0.01,0.08,0.09,0.0,-0.01,-0.01,0.96,1.18,1.18,0.63,1.0,3.49,3.59,0.02,0.02,0.04,0.03,0.17,0.11,0.08,0.1,0.08,0.03,-0.06,0.1,-0.12,0.2,-0.11,-0.01,25,12.54,1.01,0.02,-0.02,0.55,0.65,0.71,0.82
247,2004-01-02,2020-04-07,0.0,1.0,2.44,0.08,0.95,1.34,-0.19,636,0.08,0.4,-0.61,8.24,0.0,0.01,0.08,0.09,0.0,-0.01,-0.01,0.96,1.18,1.18,0.63,1.0,3.49,3.59,0.02,0.02,0.04,0.03,0.17,0.11,0.08,0.1,0.08,0.03,-0.06,0.1,-0.12,0.2,-0.11,-0.01,25,12.54,1.01,0.02,-0.02,0.55,0.66,0.71,0.82
248,2004-01-02,2020-04-07,0.0,1.0,2.44,0.08,0.95,1.34,-0.19,636,0.08,0.4,-0.61,8.24,0.0,0.01,0.08,0.09,0.0,-0.01,-0.01,0.96,1.18,1.18,0.63,1.0,3.49,3.59,0.02,0.02,0.04,0.03,0.17,0.11,0.08,0.1,0.08,0.03,-0.06,0.1,-0.12,0.2,-0.11,-0.01,25,12.53,1.01,0.02,-0.02,0.55,0.66,0.71,0.82
249,2004-01-02,2020-04-07,0.0,1.0,2.44,0.08,0.95,1.34,-0.19,636,0.08,0.4,-0.61,8.23,0.0,0.01,0.08,0.09,0.0,-0.01,-0.01,0.96,1.18,1.18,0.63,1.0,3.5,3.59,0.02,0.02,0.04,0.03,0.17,0.11,0.08,0.1,0.08,0.03,-0.06,0.1,-0.12,0.2,-0.11,-0.01,25,12.53,1.01,0.02,-0.02,0.55,0.66,0.71,0.82
250,2004-01-02,2020-04-07,0.0,1.0,2.44,0.08,0.95,1.34,-0.19,636,0.08,0.4,-0.61,8.23,0.0,0.01,0.08,0.09,0.0,-0.01,-0.01,0.96,1.18,1.18,0.63,1.0,3.5,3.59,0.02,0.02,0.04,0.03,0.17,0.11,0.08,0.1,0.08,0.03,-0.06,0.1,-0.12,0.2,-0.11,-0.01,25,12.53,1.01,0.02,-0.02,0.55,0.66,0.71,0.82
251,2004-01-02,2020-04-07,0.0,1.0,2.44,0.08,0.95,1.34,-0.19,636,0.08,0.4,-0.61,8.23,0.0,0.01,0.08,0.09,0.0,-0.01,-0.01,0.96,1.18,1.18,0.63,1.0,3.5,3.58,0.02,0.02,0.04,0.03,0.17,0.11,0.08,0.1,0.08,0.03,-0.06,0.1,-0.12,0.2,-0.11,-0.01,25,12.53,1.01,0.02,-0.02,0.55,0.66,0.71,0.82
